id,teacher_id,date,duration
1,54101835968,2022-04-12 03:39:49.860927,103
2,54101835968,2022-12-21 18:52:35.994244,67
3,54101835968,2020-05-23 09:15:49.606419,78
4,54101835968,2020-07-17 22:55:50.927803,94
5,54101835968,2022-01-08 19:20:40.240317,164
6,54101835968,2020-10-30 11:20:10.358285,74
7,54101835968,2022-11-04 23:19:13.009067,120
8,54101835968,2020-10-02 07:16:23.920484,73
9,54101835968,2022-07-12 15:31:09.614084,96
10,54101835968,2020-07-21 04:01:55.138937,83
11,54101835968,2020-05-20 21:05:49.837050,131
12,54101835968,2021-08-01 13:56:12.247699,109
13,54101835968,2022-07-29 06:26:48.868924,97
14,54101835968,2020-10-31 01:28:34.136282,48
15,54101835968,2021-09-12 16:03:58.420849,46
16,54101835968,2021-05-05 05:59:31.948569,144
17,54101835968,2022-06-16 08:54:13.722045,108
18,02220864239,2021-10-16 02:50:31.715150,131
19,02220864239,2020-04-29 07:11:41.868731,161
20,02220864239,2020-12-25 08:15:06.910689,58
21,02220864239,2021-01-14 13:05:56.052819,59
22,02220864239,2020-03-15 00:22:55.678491,125
23,02220864239,2022-09-16 13:49:23.599383,159
24,02220864239,2022-11-02 10:07:38.042814,63
25,02220864239,2021-06-01 15:11:10.198380,116
26,02220864239,2021-10-12 17:32:33.824997,93
27,02220864239,2020-03-19 16:31:24.041091,98
28,02220864239,2021-11-01 21:52:32.601850,153
29,02220864239,2022-05-28 07:23:49.624853,48
30,62070725791,2020-01-18 05:09:24.388563,93
31,62070725791,2020-07-05 00:11:45.189674,72
32,62070725791,2022-12-03 19:26:39.959182,139
33,62070725791,2020-08-26 13:03:17.543046,81
34,62070725791,2022-08-17 05:24:43.426616,137
35,62070725791,2021-07-30 21:36:34.309547,51
36,62070725791,2021-08-14 16:54:28.474306,172
37,83110803068,2021-02-16 02:47:20.931886,39
38,83110803068,2020-08-29 00:39:00.432183,122
39,83110803068,2020-10-04 20:34:11.105320,116
40,83110803068,2021-07-19 16:12:59.366994,95
41,93033161152,2020-05-02 16:56:27.416252,80
42,93033161152,2020-04-15 15:27:28.857686,112
43,93033161152,2022-05-10 08:46:43.141260,161
44,93033161152,2022-05-29 21:22:49.258997,54
45,93033161152,2022-08-06 00:27:32.202728,157
46,93033161152,2020-11-22 07:50:45.252341,36
47,93033161152,2020-07-18 16:15:35.034878,132
48,93033161152,2021-09-29 05:07:04.408251,75
49,93033161152,2020-10-14 02:51:29.415581,40
50,93033161152,2020-09-10 08:51:04.706617,116
51,93033161152,2021-07-18 02:53:54.846160,50
52,93033161152,2022-01-23 08:09:52.059657,154
53,93033161152,2020-10-10 10:48:34.770053,46
54,93033161152,2022-02-24 05:17:57.357421,58
55,63021576169,2021-06-17 00:40:01.123288,61
56,63021576169,2022-11-11 10:32:08.259643,111
57,63021576169,2022-01-22 23:12:44.791401,52
58,63021576169,2020-05-13 01:01:28.981309,170
59,63021576169,2021-08-08 00:04:44.491030,68
60,63021576169,2022-06-23 18:43:34.367598,142
61,63021576169,2020-10-12 06:28:41.518235,47
62,63021576169,2022-02-15 09:55:05.294845,171
63,63021576169,2020-12-28 17:53:08.179239,158
64,63021576169,2021-01-25 18:11:25.854723,162
65,63021576169,2020-05-28 00:18:49.555279,157
66,63021576169,2020-02-02 02:16:02.708893,130
67,63021576169,2022-07-01 06:16:03.496867,100
68,63021576169,2022-11-19 08:52:11.470240,118
69,63021576169,2021-11-29 19:47:24.756747,149
70,63021576169,2020-03-26 12:14:15.154561,48
71,63021576169,2020-01-12 14:37:58.084760,132
72,63021576169,2022-06-27 22:22:26.117749,50
73,62032620472,2021-11-14 04:55:24.696161,82
74,62032620472,2021-07-05 08:49:46.422403,122
75,62032620472,2021-08-02 22:05:18.898095,172
76,62032620472,2022-05-30 17:58:19.777048,70
77,62032620472,2021-04-20 04:48:20.628803,34
78,62032620472,2020-09-12 22:50:30.186733,164
79,62032620472,2020-07-15 23:45:03.326184,42
80,62032620472,2020-11-17 23:55:37.959191,173
81,62032620472,2021-06-29 01:18:38.835726,41
82,62032620472,2020-07-18 17:25:34.194211,110
83,62032620472,2022-10-15 11:14:10.803911,155
84,62032620472,2022-02-17 02:03:00.094870,69
85,62032620472,2020-09-12 03:12:27.357156,143
86,62032620472,2021-10-11 09:56:13.171710,154
87,62032620472,2022-09-10 08:13:33.276781,104
88,01222067893,2020-09-28 19:51:36.606503,51
89,01222067893,2020-10-25 16:50:55.735373,70
90,01222067893,2022-03-11 14:23:21.446979,168
91,01222067893,2020-04-20 20:47:15.579524,121
92,01222067893,2021-01-15 00:22:27.940034,75
93,01222067893,2022-03-02 15:14:36.860454,39
94,01222067893,2020-02-14 17:22:06.392720,108
95,01222067893,2022-05-26 22:30:59.548167,139
96,01222067893,2021-04-24 14:23:40.744147,96
97,01222067893,2021-08-27 16:14:41.886371,52
98,01222067893,2020-03-21 18:57:07.918434,82
99,01222067893,2020-02-29 22:16:22.705183,93
100,01222067893,2021-06-12 15:17:11.527741,168
101,01222067893,2020-07-06 02:21:23.223671,153
102,01222067893,2021-01-30 16:53:00.411235,69
103,01222067893,2021-08-17 20:28:16.870294,38
104,01222067893,2022-05-18 15:15:13.699497,168
105,01222067893,2021-05-03 14:01:25.442799,146
106,01222067893,2022-04-07 09:03:39.334524,86
107,01222067893,2021-11-28 20:25:48.398787,173
108,01222067893,2021-01-19 19:04:17.964293,130
109,01222067893,2022-07-18 05:41:54.429873,50
110,01222067893,2022-03-09 17:01:25.585830,138
111,01222067893,2021-08-13 04:51:21.030009,153
112,01222067893,2022-10-26 14:29:12.794195,68
113,77071870555,2022-09-16 10:11:43.473157,108
114,59111160501,2022-04-16 21:05:18.068317,172
115,59111160501,2020-08-01 09:30:41.722301,122
116,59111160501,2020-12-11 15:53:27.388386,100
117,59111160501,2020-06-11 18:27:12.248625,165
118,59111160501,2022-05-09 09:12:30.507114,159
119,59111160501,2020-08-08 05:54:43.758740,53
120,59111160501,2022-09-04 00:52:08.024545,118
121,59111160501,2021-11-09 14:11:59.621776,132
122,59111160501,2020-11-06 23:31:47.319319,150
123,59111160501,2021-01-05 23:24:02.043107,180
124,59111160501,2020-09-07 18:54:25.021514,110
125,69022898077,2020-04-03 20:21:19.065782,149
126,69022898077,2022-03-23 16:29:32.509196,117
127,69022898077,2021-10-05 12:19:01.652435,60
128,69022898077,2020-05-25 10:09:35.325205,88
129,69022898077,2022-06-16 13:42:30.372658,173
130,69022898077,2021-02-11 11:24:14.738724,81
131,69022898077,2020-04-17 09:10:13.705616,136
132,69022898077,2021-04-27 17:31:41.879558,165
133,69022898077,2020-10-01 20:18:24.578515,130
134,69022898077,2020-09-13 16:02:25.363395,139
135,69022898077,2022-04-14 23:48:49.598219,125
136,69022898077,2021-07-28 09:48:57.096836,176
137,69022898077,2022-05-12 18:13:20.801494,106
138,69022898077,2021-08-26 14:19:19.554129,154
139,69022898077,2022-06-26 17:48:54.950317,163
140,69022898077,2022-03-20 00:53:20.289859,107
141,69022898077,2020-12-26 13:18:36.688748,130
142,75101541114,2021-04-22 16:00:11.899490,56
143,75101541114,2021-07-01 17:04:01.074054,75
144,75101541114,2022-12-12 04:55:35.982101,141
145,75101541114,2021-01-08 11:21:23.024974,180
146,75101541114,2022-08-08 07:35:22.107704,66
147,75101541114,2020-02-15 11:11:46.635627,174
148,75101541114,2020-02-18 17:53:21.430201,151
149,75101541114,2022-09-11 10:22:48.883132,119
150,75101541114,2021-09-16 20:55:35.901126,115
151,75101541114,2021-03-11 04:43:24.990009,118
152,75101541114,2022-12-27 20:43:21.670594,143
153,75101541114,2021-01-22 16:57:02.790788,174
154,75101541114,2020-03-12 05:27:26.854666,177
155,75101541114,2021-03-27 03:03:06.603399,84
156,75101541114,2021-06-08 13:22:09.038722,88
157,75101541114,2022-10-21 02:58:32.749573,100
158,75101541114,2020-12-04 23:29:16.743500,110
159,75101541114,2020-10-28 08:50:24.032069,110
160,75101541114,2021-12-19 02:39:45.895197,147
161,92011052972,2022-03-01 09:37:06.658827,47
162,92011052972,2022-02-10 14:15:10.831649,77
163,92011052972,2020-06-05 16:18:09.086943,139
164,92011052972,2021-12-02 12:16:34.808356,132
165,92011052972,2020-05-23 10:48:14.194253,94
166,92011052972,2021-06-19 08:31:28.663382,80
167,92011052972,2021-01-24 06:23:00.273108,114
168,92011052972,2020-01-25 07:46:01.316420,78
169,92011052972,2022-04-04 16:46:21.415518,178
170,92011052972,2022-03-27 04:47:32.698861,178
171,57010192148,2020-04-09 13:20:04.547045,80
172,57010192148,2022-09-16 18:59:03.490938,111
173,57010192148,2021-09-02 21:49:07.526222,180
174,57010192148,2021-02-27 23:12:54.111681,177
175,57010192148,2021-09-12 06:34:42.246943,47
176,57010192148,2022-11-18 15:58:36.212255,131
177,57010192148,2020-09-04 18:53:21.832005,146
178,57010192148,2021-09-05 16:53:29.717229,160
179,57010192148,2021-09-14 06:50:22.862827,169
180,57010192148,2020-07-05 02:10:48.151226,74
181,57010192148,2021-06-03 17:46:13.204862,124
182,57010192148,2021-08-17 00:34:18.109099,164
183,57010192148,2020-10-11 07:17:59.038531,167
184,57010192148,2020-11-01 10:15:23.327744,133
185,57010192148,2022-05-18 07:59:03.443502,132
186,57010192148,2021-11-24 18:07:50.785121,160
187,01311704627,2020-06-06 02:18:20.385131,125
188,01311704627,2022-12-04 04:35:46.649513,30
189,01311704627,2022-01-09 04:16:29.560007,140
190,01311704627,2020-09-29 10:01:47.513703,68
191,01311704627,2020-10-03 07:46:46.325145,102
192,01311704627,2021-04-12 02:59:01.636396,99
193,01311704627,2021-12-10 21:30:27.743964,83
194,01311704627,2021-06-08 01:43:25.173609,34
195,01311704627,2021-01-05 12:41:32.648674,68
196,01311704627,2022-09-19 17:10:44.453365,117
197,01311704627,2021-05-31 21:34:52.808507,50
198,01311704627,2021-08-08 14:27:45.749269,101
199,01311704627,2020-08-10 14:29:48.832503,130
200,01311704627,2022-09-03 23:22:33.274948,63
201,01311704627,2021-10-09 09:48:18.720588,164
202,01311704627,2020-02-11 14:24:35.640222,91
203,56022489169,2022-10-03 18:47:02.429729,121
204,56022489169,2022-12-13 23:37:47.042039,34
205,56022489169,2020-12-20 19:55:00.103561,35
206,56022489169,2020-07-17 04:26:32.258239,110
207,56022489169,2022-02-21 15:13:37.728544,132
208,56022489169,2020-04-17 04:08:10.271100,54
209,56022489169,2020-04-30 22:18:11.251508,110
210,56022489169,2022-07-20 17:21:20.062734,80
211,56022489169,2022-12-24 23:06:14.077104,155
212,56022489169,2021-01-20 08:05:00.177433,180
213,56022489169,2022-07-27 00:21:42.482968,32
214,56022489169,2020-03-23 08:55:34.358623,180
215,00211618634,2021-06-19 12:20:50.845091,130
216,00211618634,2021-05-10 00:22:43.667797,37
217,00211618634,2020-09-21 20:08:35.832615,45
218,00211618634,2022-10-23 21:12:30.459862,49
219,00211618634,2022-10-12 02:02:57.726790,85
220,00211618634,2020-07-09 11:23:27.115822,47
221,00211618634,2020-01-09 00:54:26.185803,60
222,00211618634,2021-07-23 05:06:56.314583,46
223,00211618634,2021-11-26 19:59:00.844722,175
224,00211618634,2022-11-21 04:43:57.863545,121
225,00211618634,2020-08-05 05:38:28.030191,170
226,00211618634,2021-11-25 11:04:45.350496,71
227,00211618634,2022-09-05 00:19:58.978244,81
228,00211618634,2020-08-12 07:10:15.907977,173
229,00211618634,2022-09-25 23:51:45.708167,42
230,00211618634,2021-09-19 15:18:38.728900,178
231,00211618634,2021-03-28 06:56:25.666857,107
232,00211618634,2021-03-17 14:30:49.898224,138
233,00211618634,2022-11-02 03:30:43.026654,102
234,00211618634,2021-11-29 18:35:13.421599,89
235,00211618634,2022-05-12 22:07:46.891053,146
236,63030905839,2020-01-18 11:04:58.156703,163
237,63030905839,2022-10-02 16:48:22.754401,59
238,60072728620,2021-11-02 01:24:57.400079,38
239,60072728620,2020-03-22 17:58:33.216373,40
240,60072728620,2021-06-25 01:54:53.088984,107
241,60072728620,2020-02-10 22:12:40.142347,94
242,60072728620,2020-07-11 00:28:51.614830,172
243,70010920645,2020-07-20 14:06:37.864940,104
244,70010920645,2022-12-21 19:20:10.653115,32
245,70010920645,2022-02-11 19:58:15.882945,167
246,70010920645,2022-10-03 11:42:49.368889,131
247,70010920645,2021-12-13 01:34:27.482604,172
248,70010920645,2021-03-03 22:46:10.297720,112
249,70010920645,2020-07-22 19:41:38.989883,54
250,70010920645,2020-04-18 03:03:00.661166,88
251,70010920645,2020-11-04 00:52:32.667983,116
252,70010920645,2022-09-14 18:51:26.991960,154
253,70010920645,2020-02-20 06:20:02.548908,154
254,70010920645,2021-10-30 04:59:51.612353,173
255,00251733018,2020-09-06 22:45:54.139908,175
256,00251733018,2020-11-05 03:12:22.676610,169
257,00251733018,2021-09-03 18:12:15.141921,91
258,00251733018,2022-08-19 00:41:12.570812,135
259,00251733018,2020-12-10 20:49:38.137524,95
260,00251733018,2021-11-04 08:29:06.320047,154
261,00251733018,2022-06-03 09:19:03.215792,133
262,00251733018,2022-10-27 03:43:48.552264,134
263,00251733018,2021-12-30 12:06:43.432350,156
264,00251733018,2021-12-01 03:47:23.961983,173
265,00251733018,2022-11-30 14:02:33.994455,150
266,00251733018,2020-01-22 08:35:37.686943,74
267,00251733018,2020-12-30 20:45:47.359803,139
268,00251733018,2022-02-07 15:35:47.383467,98
269,00251733018,2022-05-24 01:19:06.835747,104
270,00251733018,2020-03-18 15:49:55.796987,57
271,00251733018,2020-12-22 04:51:42.147256,91
272,00251733018,2020-05-26 08:52:05.791599,85
273,70110529427,2022-11-26 19:51:46.565216,90
274,70110529427,2021-01-06 18:10:42.201074,51
275,70110529427,2020-03-23 12:14:02.459269,110
276,70110529427,2022-03-28 07:24:30.640463,87
277,70110529427,2020-08-30 19:16:27.132181,34
278,70110529427,2020-10-29 13:37:16.564314,89
279,70110529427,2020-07-28 15:37:57.132253,135
280,91121168166,2020-09-01 12:07:51.067434,71
281,91121168166,2022-09-08 13:22:44.220664,59
282,91121168166,2020-07-27 01:29:06.154019,103
283,91121168166,2021-04-14 13:58:29.657055,87
284,91121168166,2022-09-28 18:00:45.181405,38
285,91121168166,2021-12-17 07:27:13.396991,162
286,91121168166,2020-06-02 03:01:27.442443,99
287,91121168166,2020-01-01 10:15:46.665704,118
288,91121168166,2022-10-26 21:55:20.714614,89
289,91121168166,2020-09-12 01:21:27.036103,134
290,91121168166,2021-02-28 18:21:35.944095,144
291,91121168166,2022-03-09 16:22:20.307265,149
292,91121168166,2021-05-21 10:15:18.994844,55
293,91121168166,2021-01-13 22:16:03.472251,136
294,91121168166,2020-11-05 00:23:18.110910,115
295,91121168166,2022-03-04 07:46:22.729143,47
296,91121168166,2022-09-21 16:04:25.344335,64
297,77122668836,2022-10-04 05:10:53.280696,50
298,77122668836,2021-07-22 01:44:32.835512,156
299,77122668836,2020-04-03 12:28:28.354821,112
300,77122668836,2020-08-09 06:43:02.292819,58
301,77122668836,2022-02-11 09:30:36.934760,40
302,77122668836,2022-10-23 03:21:16.238937,96
303,77122668836,2022-05-18 15:16:13.513369,72
304,77122668836,2020-10-26 19:41:55.811493,89
305,77122668836,2020-03-11 19:12:05.855768,135
306,77122668836,2021-11-07 22:17:24.504623,145
307,77122668836,2020-12-15 16:10:45.385373,92
308,57092285752,2020-06-14 00:19:52.862373,92
309,57092285752,2020-05-05 12:22:07.718095,149
310,57092285752,2022-06-20 20:51:56.359770,83
311,57092285752,2021-11-17 21:15:48.192744,49
312,57092285752,2020-09-06 08:31:40.571955,173
313,57092285752,2022-03-06 10:03:33.011121,173
314,57092285752,2020-07-04 18:03:35.106860,171
315,57092285752,2021-12-08 08:50:29.628364,77
316,03222605592,2021-09-29 17:38:33.359192,160
317,03222605592,2020-12-10 16:50:54.523252,130
318,03222605592,2020-06-08 08:51:46.431562,93
319,03222605592,2021-10-08 00:38:08.093201,147
320,03222605592,2022-04-04 13:01:31.154739,93
321,03222605592,2020-01-08 22:07:15.885140,91
322,03222605592,2022-02-12 14:31:17.167317,152
323,03222605592,2020-01-24 08:54:11.657054,162
324,03222605592,2020-08-21 19:50:55.014990,178
325,69050633389,2021-07-07 08:14:10.002162,149
326,69050633389,2020-02-10 20:28:33.691753,173
327,69050633389,2020-03-14 12:58:50.314280,60
328,69050633389,2022-06-27 04:30:29.241673,58
329,69050633389,2021-12-20 10:27:18.769578,105
330,60082309680,2020-03-28 18:24:33.689018,58
331,60082309680,2021-04-04 14:23:47.465234,118
332,60082309680,2021-12-26 10:34:22.526910,41
333,60082309680,2021-09-26 01:18:50.543276,153
334,60082309680,2022-08-30 22:27:33.453821,57
335,60082309680,2020-12-01 13:48:43.076269,110
336,60082309680,2022-04-28 05:29:54.817335,177
337,60082309680,2020-11-07 13:47:56.220465,32
338,60082309680,2021-06-07 01:14:36.753361,100
339,60082309680,2022-07-23 03:44:32.547124,154
340,60082309680,2022-04-28 06:55:45.666625,39
341,60082309680,2021-09-12 16:49:48.626828,125
342,60082309680,2020-12-12 21:38:51.596874,92
343,60082309680,2022-04-02 19:47:21.659341,145
344,60082309680,2022-04-29 12:44:19.407757,99
345,60082309680,2020-04-03 12:54:10.442297,149
346,60082309680,2020-06-19 14:06:32.582146,132
347,57031028130,2021-02-20 22:16:09.540072,73
348,57031028130,2022-09-21 06:47:41.017800,108
349,57031028130,2020-02-02 03:58:08.075319,128
350,57031028130,2020-04-09 15:15:04.918924,98
351,57031028130,2021-01-23 10:12:21.767356,54
352,57031028130,2020-06-22 22:23:56.608913,121
353,57031028130,2022-07-29 21:17:01.064799,43
354,57031028130,2020-06-04 08:17:32.385210,156
355,57031028130,2022-08-07 15:24:23.164193,73
356,57031028130,2021-01-12 19:16:06.212675,86
357,57031028130,2021-09-01 06:11:42.378765,97
358,57031028130,2020-02-21 15:32:17.021059,152
359,57031028130,2022-03-09 18:04:35.469613,40
360,57031028130,2021-06-02 18:23:41.354985,168
361,57031028130,2022-01-30 11:59:15.339323,65
362,57031028130,2020-09-01 17:59:50.512862,133
363,57031028130,2022-02-16 07:02:09.678241,97
364,57031028130,2021-11-02 22:44:05.096531,156
365,57031028130,2021-01-31 04:40:29.412505,87
366,57031028130,2020-01-14 07:30:44.339252,162
367,69010927974,2022-12-21 10:05:01.088612,51
368,69010927974,2022-08-15 21:10:52.051982,116
369,69010927974,2021-05-23 14:14:22.489066,123
370,69010927974,2020-03-08 00:45:43.129507,165
371,69010927974,2021-08-02 05:41:22.082496,38
372,69010927974,2022-01-09 22:22:53.448516,33
373,95072385162,2020-03-30 07:56:09.772457,80
374,95072385162,2022-02-08 22:13:09.302783,84
375,95072385162,2022-03-13 17:45:55.859100,80
376,95072385162,2022-02-28 23:58:45.417210,180
377,95072385162,2020-11-30 00:22:58.246701,34
378,95072385162,2022-03-16 18:55:31.317839,147
379,95072385162,2022-07-28 03:43:30.837478,66
380,95072385162,2022-12-28 04:18:55.766882,135
381,95072385162,2021-10-02 07:46:13.190619,127
382,95072385162,2020-01-16 17:49:00.804486,56
383,95072385162,2020-03-06 04:34:58.975094,61
384,95072385162,2020-05-02 16:27:36.862594,122
385,95072385162,2021-04-29 11:30:01.699786,109
386,95072385162,2022-08-26 15:39:45.513157,87
387,81120541064,2020-02-13 09:45:54.427754,107
388,81120541064,2020-06-28 00:24:54.998422,44
389,81120541064,2020-12-31 17:17:09.473067,151
390,81120541064,2021-11-07 14:39:06.405855,138
391,81120541064,2020-03-07 23:16:12.838606,93
392,81120541064,2020-10-03 11:42:52.308576,83
393,81120541064,2020-05-24 18:45:49.451304,55
394,81120541064,2021-07-14 00:35:59.070575,149
395,81120541064,2021-11-24 05:04:34.171793,113
396,81120541064,2020-03-18 13:39:33.310956,174
397,65110232763,2021-06-16 14:26:02.971833,128
398,67053005734,2020-07-23 01:44:56.151981,118
399,67053005734,2021-01-08 18:18:11.412385,100
400,67053005734,2020-12-29 18:41:32.471231,60
401,67053005734,2021-08-23 05:17:59.172863,39
402,67053005734,2022-08-07 12:30:54.902529,35
403,75090995675,2021-05-21 14:03:48.418756,134
404,75090995675,2020-03-29 23:12:31.556954,53
405,75090995675,2020-09-15 01:22:01.024538,56
406,75090995675,2021-02-11 21:08:40.422431,77
407,75090995675,2021-09-09 05:38:27.112126,114
408,75090995675,2021-01-29 20:49:07.847833,99
409,75090995675,2022-12-15 12:19:40.052325,144
410,75090995675,2021-04-26 22:45:50.120788,160
411,75090995675,2022-04-29 15:48:33.271513,41
412,75090995675,2020-07-08 23:04:26.731265,148
413,96030392006,2021-06-28 05:47:55.049114,149
414,96030392006,2022-08-27 22:00:37.209275,99
415,96030392006,2021-05-11 16:46:12.546995,73
416,96030392006,2021-06-24 14:50:22.479904,155
417,96030392006,2022-02-24 21:50:24.388902,164
418,96030392006,2021-08-17 17:47:29.389804,89
419,96030392006,2020-08-13 09:49:11.983907,53
420,96030392006,2020-11-08 19:25:08.280189,105
421,96030392006,2022-05-23 19:04:49.821517,68
422,96030392006,2022-11-15 08:03:39.812556,126
423,96030392006,2021-11-06 08:26:55.156911,94
424,96030392006,2020-06-24 19:26:33.906667,128
425,96030392006,2020-06-02 01:31:52.960639,114
426,96030392006,2021-02-18 08:37:11.650708,110
427,96030392006,2020-11-29 23:29:28.158353,33
428,80010455858,2022-04-25 12:24:22.119849,109
429,80010455858,2022-06-21 01:57:45.381365,177
430,80010455858,2020-03-18 17:34:14.884917,55
431,80010455858,2022-01-09 03:05:30.200177,78
432,79062642679,2020-01-09 10:43:58.660493,118
433,79062642679,2021-07-26 02:00:11.008384,101
434,79062642679,2020-09-26 05:08:14.475546,53
435,79062642679,2020-05-17 06:22:45.158304,31
436,79062642679,2022-11-03 04:19:21.575891,83
437,79062642679,2021-07-03 06:10:19.753494,49
438,79062642679,2022-12-22 22:09:12.297877,89
439,79062642679,2020-07-09 12:39:41.933709,72
440,79062642679,2022-12-30 00:35:32.219129,104
441,79062642679,2020-03-16 06:46:20.594235,156
442,79062642679,2021-11-11 23:41:30.693715,119
443,86122948420,2022-10-31 07:44:50.798237,175
444,86122948420,2020-07-21 09:49:09.506616,150
445,86122948420,2020-02-01 23:05:06.898728,91
446,86122948420,2022-03-02 15:55:50.870336,139
447,86122948420,2022-04-05 22:16:16.223199,53
448,86122948420,2020-05-28 15:51:49.248293,99
449,80050743100,2020-05-02 18:24:55.404761,169
450,80050743100,2022-02-11 09:42:17.218043,48
451,80050743100,2020-11-22 17:17:34.955459,142
452,80050743100,2020-12-24 10:36:35.635473,104
453,80050743100,2022-08-24 10:36:33.050494,133
454,80050743100,2022-06-13 02:27:11.851237,103
455,80050743100,2022-12-09 05:21:19.228687,174
456,80050743100,2021-06-08 05:41:57.314811,176
457,80050743100,2021-05-31 21:33:34.641805,150
458,80050743100,2022-01-07 06:54:51.084616,105
459,80050743100,2022-04-20 13:35:31.868508,168
460,80050743100,2021-12-31 22:15:30.332920,157
461,80050743100,2020-08-25 02:31:48.925533,171
462,80050743100,2020-03-19 15:38:55.383419,128
463,80050743100,2021-11-25 01:56:44.489003,101
464,80050743100,2022-12-18 19:15:23.505910,110
465,80050743100,2020-08-09 07:02:44.476475,154
466,80050743100,2021-05-14 15:20:47.768101,114
467,80050743100,2021-06-26 21:24:41.314212,169
468,80050743100,2022-10-11 08:23:51.769027,70
469,80050743100,2020-08-05 03:24:46.655060,146
470,80050743100,2022-03-24 12:13:40.895890,122
471,79101506146,2020-09-23 03:06:45.135201,82
472,79101506146,2021-03-21 13:37:38.744388,84
473,83021796860,2022-03-27 18:05:46.150880,129
474,83021796860,2022-10-31 06:53:48.991931,81
475,83021796860,2022-01-01 15:04:55.619403,171
476,83021796860,2020-09-17 05:28:45.009351,111
477,83021796860,2022-05-18 21:37:59.219416,127
478,83021796860,2021-08-24 04:44:55.456340,32
479,83021796860,2021-02-23 10:01:49.777855,163
480,83021796860,2022-03-03 14:11:02.877093,40
481,83021796860,2020-01-03 20:46:54.636627,60
482,83021796860,2022-10-07 07:03:40.658279,139
483,83021796860,2020-11-10 21:09:27.754898,75
484,83021796860,2021-09-01 04:12:37.196039,120
485,83021796860,2022-10-08 00:04:30.149752,137
486,83021796860,2020-10-27 07:44:10.043676,74
487,83021796860,2022-11-03 06:43:05.083775,71
488,83021796860,2020-12-18 10:35:59.020362,142
489,83021796860,2022-07-28 09:11:15.117743,95
490,83021796860,2022-05-12 07:49:39.208371,62
491,83021796860,2021-08-18 12:10:14.375529,57
492,83021796860,2020-04-07 01:04:10.308914,123
493,83021796860,2022-01-14 10:13:29.132655,73
494,90121004146,2020-10-24 13:22:32.897626,143
495,90121004146,2022-09-07 17:52:36.239041,107
496,90121004146,2021-10-21 11:49:48.327645,66
497,90121004146,2022-04-29 07:34:01.698268,159
498,90121004146,2020-08-10 13:03:17.367835,113
499,90121004146,2021-09-24 18:18:10.635518,65
500,90121004146,2020-09-21 08:58:13.944440,43
501,90121004146,2022-06-12 13:48:50.435064,164
502,90121004146,2020-08-07 17:26:20.781940,179
503,90121004146,2022-04-20 10:45:34.827765,45
504,90121004146,2020-12-27 18:20:03.014157,123
505,82031187174,2020-01-15 17:08:17.951174,60
506,82031187174,2021-03-31 11:17:34.921568,142
507,82031187174,2021-06-24 08:32:44.261729,126
508,82031187174,2020-01-30 09:41:55.661536,93
509,82031187174,2022-06-21 03:35:36.290566,99
510,82031187174,2021-11-10 13:20:54.824259,128
511,82031187174,2020-06-28 15:46:54.920768,117
512,82031187174,2020-09-05 21:52:24.815106,47
513,82031187174,2021-02-15 13:27:46.400972,46
514,82031187174,2022-07-07 20:47:09.414516,111
515,82031187174,2022-07-14 12:56:41.210773,90
516,82031187174,2021-08-31 18:41:29.496514,52
517,82031187174,2022-12-23 02:33:01.438473,73
518,82031187174,2022-11-04 15:10:16.119383,85
519,82031187174,2021-11-17 10:24:57.489666,161
520,61090730640,2021-11-05 05:37:51.209892,54
521,61090730640,2020-11-28 16:36:41.422013,146
522,61090730640,2021-04-15 10:31:33.742333,38
523,61090730640,2022-08-21 20:35:53.345761,67
524,61090730640,2021-12-18 15:14:18.357826,133
525,61090730640,2020-07-29 01:10:12.530062,155
526,61090730640,2020-01-14 09:45:14.435850,67
527,61090730640,2021-05-12 20:31:02.071306,61
528,61090730640,2020-10-06 18:00:34.507832,35
529,63050973106,2022-07-04 20:55:04.088384,95
530,63050973106,2020-07-19 07:41:09.698708,162
531,63050973106,2020-06-23 12:27:16.792322,50
532,63050973106,2020-04-13 05:53:19.250865,50
533,63050973106,2021-12-01 10:09:22.509219,135
534,63050973106,2022-05-23 17:00:41.026482,83
535,63050973106,2021-02-14 07:47:56.097806,137
536,63050973106,2021-03-12 10:57:46.801042,128
537,63050973106,2021-07-20 17:10:44.154501,172
538,63050973106,2022-01-12 07:20:49.707929,65
539,63050973106,2022-06-14 23:15:55.686038,110
540,63050973106,2022-07-06 15:41:13.602631,60
541,63050973106,2020-08-20 13:56:57.371011,162
542,63050973106,2021-05-06 20:33:34.627008,94
543,63050973106,2022-10-09 07:14:06.652431,96
544,63050973106,2021-02-26 03:51:58.398385,99
545,63050973106,2022-10-30 09:27:04.096873,143
546,63050973106,2021-06-10 06:27:14.240476,64
547,63050973106,2021-07-26 23:12:44.931568,159
548,63050973106,2022-03-22 04:15:10.015443,72
549,63050973106,2021-08-18 05:18:33.924572,162
550,76011730355,2020-10-02 23:37:16.786418,38
551,76011730355,2021-08-28 00:25:21.846503,101
552,76011730355,2021-05-01 11:55:24.976709,104
553,76011730355,2022-04-21 10:29:04.550988,50
554,76011730355,2022-03-28 13:57:47.666505,121
555,76011730355,2022-12-29 11:24:04.115800,63
556,97022763482,2022-10-13 20:01:36.785087,125
557,97022763482,2020-01-12 17:41:35.470780,45
558,97022763482,2020-03-31 02:37:26.401868,164
559,97022763482,2021-12-25 03:36:27.363627,100
560,97022763482,2020-12-04 06:50:26.096388,124
561,97022763482,2021-11-16 14:44:43.657317,110
562,97022763482,2022-07-22 00:44:10.450056,161
563,97022763482,2022-05-18 03:15:44.735056,45
564,97022763482,2021-08-28 04:16:43.395789,35
565,97022763482,2020-12-23 06:29:05.500795,47
566,97022763482,2022-03-15 05:38:49.724795,169
567,97022763482,2021-02-03 10:13:35.213474,152
568,97022763482,2021-06-19 15:20:39.010805,163
569,97022763482,2022-07-22 09:09:11.892399,135
570,97022763482,2022-03-10 20:56:17.922415,32
571,91061653379,2021-11-28 09:50:49.244339,123
572,91061653379,2022-08-21 17:38:25.451560,69
573,91061653379,2022-08-14 10:33:54.846532,70
574,91061653379,2021-02-24 11:59:53.518086,60
575,91061653379,2021-05-01 20:55:02.334481,149
576,91061653379,2021-05-06 21:30:47.852029,65
577,91061653379,2021-01-07 03:51:12.624891,35
578,91061653379,2021-08-06 15:53:52.165172,69
579,91061653379,2021-06-09 17:25:42.837286,170
580,91061653379,2021-12-18 20:02:01.354310,97
581,91061653379,2022-04-17 06:28:43.917710,85
582,91061653379,2021-12-21 10:28:00.885306,149
583,91061653379,2022-02-04 01:35:04.325768,86
584,91061653379,2021-12-25 02:33:40.577765,106
585,91061653379,2022-10-26 01:49:37.924172,65
586,91061653379,2021-03-15 19:59:35.986414,147
587,91061653379,2020-06-13 11:21:21.236831,107
588,91061653379,2022-06-18 04:11:33.872645,72
589,91061653379,2022-10-25 22:39:19.708013,113
590,69101869262,2020-05-15 17:54:00.213818,71
591,69101869262,2021-11-17 18:12:25.432517,63
592,69101869262,2021-02-07 02:28:47.815344,76
593,69101869262,2020-04-16 11:26:36.350373,165
594,69101869262,2022-11-13 12:55:33.300506,144
595,69101869262,2021-07-22 02:05:30.507846,107
596,69101869262,2020-06-03 17:55:28.907031,128
597,69101869262,2021-02-28 18:04:27.697712,47
598,69101869262,2021-06-17 19:30:57.988340,80
599,69101869262,2020-08-24 10:04:50.799437,79
600,69101869262,2021-08-08 11:53:24.930818,168
601,69101869262,2020-04-18 14:09:24.651052,138
602,69101869262,2022-06-29 18:41:28.813105,68
603,69101869262,2020-03-27 01:12:52.724041,105
604,69101869262,2021-04-18 01:39:08.058705,148
605,69101869262,2020-03-11 04:43:21.505039,162
606,69101869262,2021-06-20 03:42:52.814037,37
607,69101869262,2022-05-23 02:11:06.940838,170
608,69101869262,2021-01-07 18:16:47.224514,90
609,69101869262,2021-10-09 16:59:40.182192,142
610,69101869262,2020-08-18 14:42:08.164452,93
611,69101869262,2022-10-06 08:40:49.731104,60
612,84022348971,2020-03-04 01:28:36.405192,159
613,84022348971,2021-05-13 19:17:31.759139,76
614,84022348971,2022-05-21 13:15:20.894375,156
615,84022348971,2021-10-24 14:12:59.115855,80
616,84022348971,2022-06-08 08:05:43.097689,95
617,84022348971,2021-10-17 13:05:29.612301,123
618,84022348971,2022-08-29 09:09:46.248532,87
619,84022348971,2021-06-29 04:56:34.633222,35
620,84022348971,2020-06-18 21:08:53.373374,55
621,84022348971,2022-09-16 19:51:35.636477,45
622,91101125756,2021-03-27 04:18:48.701851,96
623,91101125756,2022-11-20 04:13:38.443836,85
624,91101125756,2021-04-08 05:12:10.681792,43
625,91101125756,2020-03-06 08:36:07.623048,151
626,91101125756,2020-12-07 19:27:10.392438,96
627,91101125756,2020-08-21 01:24:23.858749,79
628,91101125756,2020-08-27 07:53:14.535574,81
629,91101125756,2021-02-02 16:23:08.473546,68
630,91101125756,2021-11-10 17:56:52.898679,48
631,61052606101,2020-07-18 17:58:22.610463,120
632,61052606101,2022-01-15 16:27:15.096314,153
633,61052606101,2020-09-10 03:21:22.938499,104
634,61052606101,2021-10-31 00:01:08.443106,54
635,61052606101,2022-06-01 02:02:50.076148,45
636,61052606101,2021-08-13 20:10:41.334187,139
637,61052606101,2022-11-05 12:24:45.544271,88
638,01302973292,2022-05-27 06:45:31.920719,171
639,01302973292,2021-02-13 21:30:21.306816,117
640,01302973292,2020-01-02 06:59:59.382333,31
641,01302973292,2021-05-04 22:31:04.778548,82
642,01302973292,2021-05-02 12:08:44.729913,159
643,01302973292,2022-04-07 01:25:55.896575,48
644,01302973292,2020-12-05 01:42:38.723018,177
645,01302973292,2021-10-21 07:20:05.663327,157
646,01302973292,2021-01-06 19:48:04.124192,156
647,01302973292,2020-05-13 10:26:45.450609,128
648,01302973292,2021-09-18 15:46:57.123425,163
649,01302973292,2020-09-02 23:21:54.120299,53
650,01302973292,2020-02-20 09:05:37.763428,39
651,01302973292,2020-11-28 23:47:13.391639,144
652,01302973292,2022-04-21 04:35:09.983514,109
653,01302973292,2020-08-12 08:20:24.909942,96
654,01302973292,2022-05-31 04:33:06.723263,75
655,01302973292,2021-03-26 20:57:53.016902,111
656,01302973292,2020-09-04 05:00:58.365651,91
657,74071583580,2020-11-16 21:49:08.921586,45
658,74071583580,2022-10-10 08:59:04.983772,98
659,74071583580,2021-09-16 11:37:55.177662,129
660,74071583580,2022-01-25 01:58:26.532360,142
661,74071583580,2020-09-20 14:51:22.871248,144
662,74071583580,2020-11-13 19:46:35.815570,57
663,74071583580,2022-02-20 02:30:55.384493,130
664,74071583580,2020-05-02 04:12:51.674116,110
665,74071583580,2020-02-28 15:07:37.733177,54
666,74071583580,2021-03-21 14:25:31.129745,171
667,74071583580,2020-04-01 16:58:21.965927,173
668,74071583580,2022-11-06 21:30:08.449188,74
669,74071583580,2020-12-09 06:27:37.602405,56
670,74071583580,2021-03-18 09:27:56.184156,35
671,74071583580,2022-07-19 01:49:24.575284,74
672,74071583580,2021-08-09 06:02:42.544104,71
673,74071583580,2022-08-06 14:33:34.947378,124
674,74071583580,2021-03-15 20:32:52.614239,71
675,74071583580,2022-07-12 04:45:36.514824,64
676,74071583580,2022-03-20 07:15:10.922788,124
677,74071583580,2022-11-17 06:15:01.821650,135
678,74071583580,2021-03-12 09:26:10.177822,76
679,91091747301,2021-12-22 11:07:30.387945,60
680,91091747301,2022-02-18 14:21:16.871477,30
681,91091747301,2021-08-19 23:46:42.676532,119
682,91091747301,2020-09-18 01:19:44.049573,178
683,91091747301,2022-02-18 21:03:25.861198,143
684,91091747301,2022-11-01 21:54:03.494398,169
685,91091747301,2020-06-02 08:11:16.978140,165
686,91091747301,2021-09-08 01:45:16.528007,155
687,91091747301,2021-04-09 04:29:11.718062,179
688,91091747301,2020-02-27 10:31:57.640338,120
689,80030766893,2021-06-14 18:58:59.579681,94
690,80030766893,2021-09-18 15:49:07.408412,31
691,80030766893,2022-12-17 13:38:59.353568,165
692,90061911362,2021-10-09 12:34:10.982764,122
693,90061911362,2021-06-16 09:28:00.265803,158
694,90061911362,2021-09-17 22:59:35.646966,150
695,90061911362,2022-02-28 20:24:06.949835,65
696,90061911362,2020-08-05 15:48:49.108930,89
697,90061911362,2022-05-21 07:22:44.515639,116
698,90061911362,2021-08-08 18:54:07.819941,126
699,90061911362,2021-11-11 03:48:24.314724,177
700,90061911362,2021-05-27 11:40:40.255089,81
701,90061911362,2022-01-11 19:12:20.636720,131
702,90061911362,2022-01-16 06:24:38.788470,166
703,90061911362,2022-09-16 05:25:58.047297,54
704,90061911362,2022-04-15 05:21:46.193073,43
705,90061911362,2020-03-10 01:58:45.422704,78
706,90061911362,2021-04-20 13:45:44.667346,96
707,90061911362,2020-10-29 02:12:18.063277,71
708,90061911362,2022-06-26 19:31:18.726854,119
709,90061911362,2022-03-26 05:06:26.852813,32
710,90061911362,2020-04-22 07:11:16.080919,79
711,90061911362,2021-06-02 11:04:37.819686,116
712,90061911362,2021-01-23 02:02:06.938133,79
713,90061911362,2020-02-08 07:05:40.769852,133
714,90061911362,2021-06-18 15:14:18.765967,73
715,90061911362,2021-10-01 14:32:18.440844,94
716,90061911362,2022-02-07 07:06:42.793928,93
717,00310352732,2020-08-22 22:32:42.756777,78
718,00310352732,2020-07-11 18:14:45.974328,108
719,00310352732,2022-09-24 15:18:40.557133,118
720,00310352732,2020-01-23 08:35:45.353294,65
721,00310352732,2022-11-01 11:42:19.152616,178
722,00310352732,2021-01-31 15:42:14.445761,120
723,00310352732,2022-11-18 22:18:29.707676,161
724,00310352732,2021-06-19 21:47:53.414350,88
725,00310352732,2022-10-18 12:44:29.914830,92
726,00310352732,2021-02-19 16:14:31.530893,98
727,00310352732,2021-02-28 21:45:22.407830,53
728,00310352732,2021-09-21 02:14:09.911626,140
729,00310352732,2020-01-20 01:22:06.070590,98
730,00310352732,2020-06-14 06:12:20.662746,100
731,00310352732,2021-06-20 20:38:17.220217,120
732,00310352732,2021-01-21 06:07:44.863906,62
733,00310352732,2021-07-05 01:19:05.899670,103
734,00310352732,2020-04-09 15:23:41.639987,76
735,00310352732,2022-12-20 15:50:17.744267,133
736,00310352732,2020-11-18 16:00:34.855064,179
737,00310352732,2020-01-15 02:32:37.755925,116
738,00310352732,2022-04-18 23:41:41.122579,78
739,00310352732,2021-04-04 13:20:43.720221,119
740,00310352732,2020-03-06 04:39:27.074417,55
741,63040500288,2021-04-13 12:02:08.476703,146
742,64071179647,2022-02-23 00:11:32.240601,41
743,64071179647,2020-03-17 20:12:36.431580,95
744,64071179647,2022-03-20 16:35:44.130356,114
745,64071179647,2021-05-16 21:07:18.441958,105
746,64071179647,2020-05-06 19:23:10.281883,120
747,64071179647,2021-01-06 18:59:09.206802,31
748,64071179647,2020-06-16 16:41:40.956002,73
749,64071179647,2022-11-09 12:01:01.899312,175
750,64071179647,2022-07-04 02:24:09.184105,130
751,64071179647,2021-10-06 13:36:27.432221,45
752,64071179647,2021-12-02 23:48:49.996974,165
753,64071179647,2022-10-27 22:46:08.559031,44
754,64071179647,2021-11-25 17:54:24.825093,156
755,74123003556,2020-01-27 00:17:31.225949,151
756,74123003556,2021-06-29 12:24:07.388721,43
757,74123003556,2021-09-23 20:02:54.116764,101
758,99072557990,2022-01-17 15:37:22.750947,150
759,99072557990,2021-02-02 21:47:22.703602,94
760,99072557990,2020-03-31 08:51:34.823448,122
761,99072557990,2021-09-19 12:29:04.402123,30
762,99072557990,2021-05-19 00:46:35.090274,152
763,99072557990,2022-11-01 09:47:54.850145,158
764,99072557990,2021-08-12 09:21:26.099658,69
765,72071769368,2022-08-07 09:13:43.185992,150
766,72071769368,2020-04-11 21:45:44.545771,36
767,72071769368,2021-09-27 02:09:15.571104,84
768,72071769368,2022-03-01 18:09:14.822697,79
769,72071769368,2020-06-09 18:51:01.969097,163
770,72071769368,2022-09-21 15:53:19.676653,148
771,72071769368,2022-04-26 19:58:15.809381,157
772,72071769368,2021-09-17 03:08:20.702763,38
773,57070425819,2022-08-09 19:14:01.800709,114
774,57070425819,2020-10-31 08:23:57.796823,102
775,57070425819,2021-11-14 15:26:27.222952,139
776,57070425819,2022-06-11 18:20:19.352638,175
777,57070425819,2021-10-20 02:19:14.809452,163
778,57070425819,2020-01-31 19:21:14.557651,160
779,57070425819,2021-03-04 09:47:27.990692,129
780,57070425819,2022-02-06 19:53:16.626331,45
781,57070425819,2021-09-18 12:46:57.283401,119
782,57070425819,2022-07-23 16:02:34.663940,34
783,57070425819,2020-04-12 11:49:55.269052,157
784,57070425819,2021-10-05 18:50:37.205652,155
785,57070425819,2022-12-20 06:27:18.038734,166
786,57070425819,2022-09-03 11:38:00.994905,116
787,57070425819,2022-03-14 03:16:26.744295,123
788,57070425819,2020-11-09 12:22:02.255871,118
789,70012422213,2021-07-24 13:55:17.767852,85
790,70012422213,2022-09-09 21:35:32.228969,79
791,70012422213,2021-07-11 17:05:20.764487,135
792,70012422213,2020-10-19 01:27:45.288311,71
793,70012422213,2021-03-29 03:44:24.649255,176
794,70012422213,2020-01-12 02:03:40.477074,111
795,70012422213,2021-12-25 16:38:21.298878,118
796,70012422213,2022-11-05 02:34:18.469522,77
797,70012422213,2021-07-27 04:12:51.523962,45
798,70012422213,2022-06-15 16:56:52.483561,168
799,70012422213,2021-01-31 08:24:07.411134,140
800,70012422213,2020-10-24 17:15:48.755965,35
801,70012422213,2021-08-07 19:00:56.693428,35
802,70012422213,2022-01-21 21:38:50.800051,146
803,70012422213,2020-06-28 21:16:07.031591,73
804,70012422213,2021-07-10 13:42:04.441353,172
805,70012422213,2021-12-04 19:06:39.103670,59
806,70012422213,2020-02-23 13:18:22.111407,56
807,70012422213,2020-12-14 08:40:36.536195,96
808,70012422213,2022-03-06 17:14:58.890929,38
809,70012422213,2022-01-05 12:11:07.073757,153
810,70012422213,2022-03-04 23:32:27.934711,93
811,70012422213,2022-07-10 20:27:01.829421,72
812,70012422213,2020-11-17 15:26:08.864161,73
813,70012422213,2022-04-28 13:55:42.280634,98
814,53122469509,2020-04-27 16:53:30.025519,51
815,53122469509,2022-02-13 19:31:20.944181,117
816,53122469509,2020-02-29 09:14:30.925963,148
817,53122469509,2021-11-04 05:29:06.073675,174
818,53122469509,2022-09-13 11:59:39.185873,76
819,53122469509,2022-03-01 18:55:35.026750,103
820,53122469509,2021-10-19 13:52:04.322622,162
821,53122469509,2022-07-24 12:43:37.926662,74
822,53122469509,2021-03-16 18:29:05.163354,37
823,53122469509,2021-07-10 12:57:46.592332,46
824,53122469509,2022-07-11 23:29:44.748300,127
825,53122469509,2022-05-11 14:08:02.169560,143
826,53122469509,2021-04-10 21:06:50.423079,113
827,53122469509,2021-11-03 10:44:58.776856,94
828,53122469509,2020-02-24 03:17:34.405760,46
829,53122469509,2022-05-11 01:37:14.196606,95
830,53122469509,2021-03-21 05:41:24.688055,156
831,53122469509,2021-08-10 00:15:12.015132,48
832,53122469509,2021-09-13 07:03:28.810557,81
833,53122469509,2022-07-30 11:53:25.868896,99
834,61083157418,2020-08-13 11:46:35.470672,124
835,61083157418,2020-04-15 04:20:22.647560,73
836,61083157418,2021-05-22 13:24:44.939759,64
837,61083157418,2021-10-08 00:16:58.886434,61
838,61083157418,2020-02-16 13:19:06.392094,180
839,61083157418,2020-02-20 11:46:16.976455,85
840,61083157418,2020-06-23 16:08:27.896428,64
841,61083157418,2022-04-21 15:27:53.625455,72
842,61083157418,2021-03-18 08:21:07.418541,82
843,61083157418,2022-09-09 05:14:18.293335,128
844,61083157418,2021-11-18 12:13:50.310811,121
845,61083157418,2022-06-09 14:22:30.200448,152
846,61083157418,2022-03-14 16:00:32.084685,180
847,63103021187,2020-12-03 02:36:18.418759,123
848,63103021187,2021-02-10 23:28:04.369308,64
849,63103021187,2020-07-19 12:31:30.345161,114
850,84061913851,2020-06-12 16:56:51.728355,56
851,84061913851,2020-06-13 09:26:45.064550,135
852,84061913851,2022-02-10 15:51:07.365732,140
853,84061913851,2020-07-01 22:55:16.437012,91
854,84061913851,2020-12-26 12:45:46.770039,128
855,84061913851,2022-08-15 00:43:51.308578,132
856,84061913851,2022-09-04 15:41:50.401208,174
857,84061913851,2021-01-31 11:23:25.195590,136
858,84061913851,2021-11-07 15:41:19.662464,82
859,84061913851,2021-05-22 02:00:06.669285,54
860,84061913851,2020-02-12 14:50:08.241886,165
861,84061913851,2021-10-20 19:35:48.353479,108
862,84061913851,2020-03-10 13:22:21.168203,55
863,84061913851,2022-02-14 23:08:08.887316,134
864,84061913851,2022-08-09 12:43:02.561959,77
865,84061913851,2020-10-24 03:22:09.465781,146
866,84061913851,2021-04-29 18:33:19.367725,167
867,81082810189,2022-07-13 13:05:26.549341,172
868,81082810189,2021-03-12 14:32:23.745122,133
869,81082810189,2020-10-22 03:33:53.572067,123
870,87011675160,2021-06-01 20:02:37.957616,154
871,00301748946,2021-05-04 22:29:34.696603,176
872,00301748946,2021-12-16 10:12:49.065811,178
873,00301748946,2020-05-06 02:03:25.741918,113
874,00301748946,2022-10-02 10:51:36.488559,166
875,00301748946,2021-12-24 11:04:45.656190,45
876,00301748946,2021-02-01 09:07:50.855244,82
877,00301748946,2021-11-16 08:42:14.109306,121
878,00301748946,2022-03-17 11:30:07.589592,36
879,00301748946,2021-02-21 01:16:05.248318,62
880,00301748946,2020-12-21 10:31:00.397162,84
881,00301748946,2021-09-24 03:23:41.237183,166
882,00301748946,2021-11-15 17:32:34.551825,177
883,00301748946,2022-09-21 03:49:02.459877,177
884,00301748946,2020-12-18 02:19:43.684851,66
885,00301748946,2021-10-04 07:20:14.042574,34
886,00301748946,2020-11-23 13:29:06.032539,43
887,00301748946,2021-03-22 16:47:51.045229,80
888,88072292280,2020-03-20 07:51:34.812516,173
889,88072292280,2022-05-31 19:06:22.040646,135
890,88072292280,2021-01-06 08:00:02.160836,115
891,88072292280,2022-01-09 00:57:50.405661,57
892,88072292280,2022-01-16 20:37:51.138950,180
893,88072292280,2021-05-28 07:13:09.667850,180
894,88072292280,2022-06-16 12:14:14.684845,65
895,88072292280,2020-08-26 03:44:52.219928,82
896,88072292280,2022-07-05 09:53:37.473217,102
897,88072292280,2020-01-14 09:49:43.796939,34
898,88072292280,2022-03-15 15:01:35.869216,78
899,88072292280,2020-07-22 13:57:20.093153,72
900,88072292280,2022-03-13 20:51:20.916076,131
901,70020850617,2020-01-08 09:34:47.999572,118
902,70020850617,2020-12-27 16:37:43.157358,167
903,70020850617,2022-11-22 23:50:17.628214,107
904,70020850617,2021-12-22 12:43:11.132560,169
905,70020850617,2020-09-11 03:51:49.979639,52
906,70020850617,2021-02-14 16:54:58.313340,47
907,70020850617,2020-04-17 02:26:05.546912,122
908,70020850617,2022-02-23 18:08:07.663575,111
909,70020850617,2020-07-27 15:49:07.009521,179
910,70020850617,2020-05-26 07:00:27.064841,72
911,70020850617,2021-10-24 02:56:57.522625,169
912,70020850617,2022-07-06 12:15:44.624353,166
913,70020850617,2021-03-25 19:19:03.108742,132
914,80111740761,2021-02-06 09:28:13.520440,132
915,80111740761,2021-09-29 12:16:23.335640,31
916,80111740761,2022-12-11 14:44:04.021915,170
917,80111740761,2021-05-05 08:58:04.029820,167
918,80111740761,2020-10-17 16:48:09.235966,157
919,80111740761,2020-09-05 17:02:07.226543,149
920,80111740761,2022-03-15 06:06:47.510687,76
921,80111740761,2022-04-21 11:09:42.448709,156
922,80111740761,2021-08-29 00:42:18.712552,44
923,80111740761,2022-09-01 13:10:57.731171,130
924,80111740761,2021-11-25 10:40:57.966149,80
925,80111740761,2021-05-20 03:00:11.985976,127
926,80111740761,2020-10-10 05:28:15.266450,62
927,80111740761,2021-11-07 01:19:35.435152,68
928,80111740761,2022-02-26 01:19:34.875150,57
929,80111740761,2021-03-28 14:29:56.242984,127
930,80111740761,2020-03-21 20:15:36.701528,98
931,80111740761,2021-04-22 01:03:24.708719,112
932,80111740761,2022-10-15 11:23:03.702720,160
933,80111740761,2022-04-05 09:22:05.685589,105
934,80111740761,2020-01-29 04:01:34.811606,108
935,80111740761,2021-07-24 00:31:28.366437,170
936,80111740761,2022-06-02 09:46:44.949888,163
937,80111740761,2022-06-30 01:55:13.988370,116
938,80111740761,2020-05-10 04:02:47.308150,124
939,82010551145,2020-01-06 00:01:15.372992,59
940,82010551145,2021-03-01 14:36:03.711214,180
941,82010551145,2020-02-17 17:54:23.097652,37
942,82010551145,2022-06-24 22:51:42.440109,83
943,82010551145,2021-01-31 18:47:09.611845,136
944,82010551145,2020-07-26 01:04:15.727377,110
945,82010551145,2021-05-15 17:21:46.859949,50
946,82010551145,2020-01-24 01:04:57.582736,37
947,82010551145,2021-10-08 23:20:19.681823,60
948,82010551145,2020-09-19 03:23:37.122995,161
949,82010551145,2021-04-05 17:19:45.642996,31
950,82010551145,2022-06-19 11:40:02.631216,62
951,82010551145,2021-01-01 16:31:30.888257,180
952,82010551145,2021-05-02 23:43:09.376640,40
953,82010551145,2021-07-15 22:59:20.884299,42
954,82010551145,2021-12-12 05:54:20.717916,114
955,82010551145,2022-03-14 00:29:25.668498,145
956,82010551145,2022-06-25 12:57:45.680912,35
957,82010551145,2022-08-28 07:53:55.846899,38
958,75042571427,2021-10-07 03:58:02.474928,171
959,75042571427,2022-04-27 05:48:58.026974,168
960,75042571427,2021-10-10 21:07:30.442769,38
961,75042571427,2022-07-12 20:57:09.293618,151
962,75042571427,2020-04-02 03:01:27.219290,52
963,75042571427,2020-11-25 01:17:59.246744,92
964,75042571427,2021-10-07 12:46:40.682142,84
965,75042571427,2022-06-29 16:41:19.730639,146
966,75042571427,2022-12-17 01:14:04.542189,99
967,75042571427,2020-06-04 03:50:00.363168,98
968,75042571427,2022-11-24 10:54:43.829073,56
969,75042571427,2020-09-09 22:23:42.355694,119
970,75042571427,2020-03-29 08:17:46.529437,87
971,75042571427,2022-11-21 11:13:08.377491,37
972,75042571427,2020-07-23 11:26:41.916711,121
973,75042571427,2021-01-25 23:18:06.573546,66
974,00212900558,2020-10-04 03:44:01.910072,62
975,00212900558,2021-01-24 00:28:10.713802,168
976,00212900558,2022-02-02 11:28:19.455933,122
977,00212900558,2022-06-25 21:46:56.409714,88
978,00212900558,2021-08-12 09:12:07.879342,107
979,00212900558,2020-12-18 17:18:02.326146,140
980,00212900558,2022-10-07 19:54:05.832625,157
981,00212900558,2020-08-25 11:56:52.010972,47
982,00212900558,2020-09-06 23:09:21.760046,113
983,00212900558,2020-02-29 15:13:05.386549,123
984,00212900558,2021-08-28 15:10:13.744595,46
985,00212900558,2020-04-15 05:53:52.878298,159
986,00212900558,2022-07-08 04:18:22.543971,107
987,00212900558,2021-01-04 10:56:30.860647,151
988,00212900558,2022-02-09 21:52:34.073506,152
989,00212900558,2020-10-04 21:11:28.184718,35
990,00212900558,2020-04-19 00:12:09.556049,168
991,00212900558,2022-02-20 01:07:36.120031,179
992,00212900558,2021-08-15 01:33:54.273639,46
993,00212900558,2020-12-31 16:38:47.372898,116
994,00212900558,2021-06-24 05:13:23.978414,51
995,00212900558,2021-12-14 00:34:00.626129,171
996,00212900558,2021-08-14 12:18:47.039511,161
997,00212900558,2020-08-18 14:44:09.485182,66
998,00212900558,2022-06-29 15:46:28.986482,143
999,93082060860,2021-08-06 12:58:28.875602,36
1000,93082060860,2021-06-16 02:59:38.018788,139
1001,93082060860,2022-11-11 01:24:11.350276,82
1002,93082060860,2020-07-13 10:13:41.033415,143
1003,93082060860,2020-09-16 07:20:11.860961,52
1004,93082060860,2020-02-13 01:02:29.469942,98
1005,93082060860,2022-06-09 13:43:18.531614,76
1006,93082060860,2021-04-16 08:18:51.482050,65
1007,93082060860,2021-08-12 13:19:34.181229,175
1008,93082060860,2021-09-07 16:48:49.826730,57
1009,93082060860,2022-07-23 11:13:14.983721,108
1010,93082060860,2021-02-03 11:09:37.569018,81
1011,93082060860,2020-09-22 23:33:24.181816,55
1012,93082060860,2022-08-23 17:08:43.284650,67
1013,93082060860,2022-06-21 16:04:51.961692,52
1014,93082060860,2021-07-19 02:38:46.116743,55
1015,61071206885,2020-11-01 18:49:33.571206,164
1016,61071206885,2021-08-13 07:47:56.345028,161
1017,61071206885,2022-04-15 07:48:58.969981,68
1018,61071206885,2021-04-07 01:40:02.406897,30
1019,61071206885,2022-03-25 18:27:58.614112,60
1020,61071206885,2020-01-11 01:28:58.886391,99
1021,61071206885,2022-08-16 04:47:32.849969,151
1022,61071206885,2020-04-07 05:39:55.071564,57
1023,61071206885,2022-07-13 04:34:15.107076,67
1024,61071206885,2020-05-17 00:44:10.414283,96
1025,61071206885,2022-09-29 18:40:47.756357,106
1026,61071206885,2021-07-21 00:10:32.754504,71
1027,61071206885,2020-06-01 20:07:21.137527,168
1028,61071206885,2022-04-03 19:35:22.307351,147
1029,61071206885,2020-05-28 00:17:23.206833,127
1030,61071206885,2020-06-27 19:57:02.125928,107
1031,61071206885,2020-09-05 07:38:59.494542,114
1032,61071206885,2021-11-18 13:06:43.390938,96
1033,61071206885,2021-10-01 16:47:24.478725,121
1034,61071206885,2021-02-12 00:09:53.533087,106
1035,61071206885,2022-11-08 04:59:23.870300,59
1036,61071206885,2020-10-18 08:35:40.564874,70
1037,61071206885,2020-10-05 20:11:25.538607,146
1038,61071206885,2020-06-05 15:01:06.534556,45
1039,61071206885,2020-07-01 22:20:07.901607,178
1040,77112243799,2022-03-19 23:06:04.926086,96
1041,77112243799,2022-03-12 16:05:52.485594,175
1042,77112243799,2020-12-28 10:57:40.958289,140
1043,77112243799,2022-04-27 04:55:25.648223,89
1044,77112243799,2022-06-09 16:52:17.896318,98
1045,77112243799,2022-09-27 10:27:33.480415,149
1046,77112243799,2020-08-05 09:29:45.415340,111
1047,77112243799,2022-09-12 09:00:08.292521,132
1048,77112243799,2021-11-05 10:43:43.089613,163
1049,77112243799,2022-04-14 09:48:45.575850,127
1050,77112243799,2020-12-05 17:52:41.419751,66
1051,77112243799,2022-03-07 00:49:33.838365,65
1052,77112243799,2020-03-16 16:50:24.781932,100
1053,77112243799,2022-09-25 07:29:09.309196,168
1054,77112243799,2020-02-19 17:53:15.256288,94
1055,77112243799,2022-11-03 04:58:57.561497,30
1056,77112243799,2020-05-12 03:04:36.722054,97
1057,77112243799,2020-07-11 04:24:20.818554,153
1058,77112243799,2021-01-26 12:03:25.589793,156
1059,77112243799,2020-09-24 01:04:49.205824,39
1060,77112243799,2022-03-22 23:07:50.614627,137
1061,77112243799,2021-10-13 17:55:21.878107,166
1062,77112243799,2022-07-04 20:39:00.837144,54
1063,74092100333,2021-06-21 09:05:29.506260,115
1064,74092100333,2020-12-17 20:01:52.503792,41
1065,74092100333,2020-05-18 10:43:14.965811,167
1066,74092100333,2022-07-28 08:27:36.525196,69
1067,74092100333,2020-03-22 02:57:19.841527,123
1068,74092100333,2020-07-14 02:12:43.534613,122
1069,74092100333,2022-06-15 01:07:18.806437,66
1070,74092100333,2022-12-17 14:56:45.825396,104
1071,74092100333,2021-09-11 05:37:47.380181,70
1072,94081575311,2020-02-23 14:14:16.515369,34
1073,94081575311,2021-10-18 08:21:42.080348,119
1074,94081575311,2020-12-23 21:50:46.999126,149
1075,94081575311,2021-07-08 10:18:41.034633,118
1076,94081575311,2021-09-28 21:35:28.831829,67
1077,94081575311,2020-01-25 15:47:07.557582,51
1078,94081575311,2021-11-03 06:50:41.290152,54
1079,94081575311,2020-11-09 13:30:36.079547,136
1080,94081575311,2020-06-03 01:35:40.035269,97
1081,94081575311,2020-03-27 22:15:20.847729,173
1082,94081575311,2022-10-30 13:53:08.710472,116
1083,94081575311,2020-10-24 21:31:13.078001,129
1084,94081575311,2022-10-21 15:55:17.612191,97
1085,94081575311,2022-12-02 10:38:40.095423,40
1086,94081575311,2020-04-23 23:17:06.279129,43
1087,94081575311,2020-03-13 15:46:24.580587,68
1088,94081575311,2020-09-27 09:58:47.557154,121
1089,94081575311,2021-11-04 03:32:08.075577,129
1090,94081575311,2022-01-21 18:51:24.376118,68
1091,94081575311,2020-10-30 00:42:44.043025,175
1092,94081575311,2021-09-28 11:34:41.819742,35
1093,03251522721,2021-07-13 12:27:51.491191,160
1094,03251522721,2021-12-15 11:52:12.352110,165
1095,03251522721,2021-01-28 09:31:46.599434,146
1096,03251522721,2022-12-12 07:04:30.775522,68
1097,03251522721,2020-04-24 01:02:02.929839,87
1098,03251522721,2021-01-28 14:06:35.378218,174
1099,03251522721,2020-10-29 11:12:22.449776,40
1100,03251522721,2022-09-21 19:50:18.678725,95
1101,03251522721,2021-03-16 19:39:24.261506,110
1102,03251522721,2022-12-21 06:21:35.941563,48
1103,03251522721,2021-11-30 12:01:52.724362,73
1104,00251493183,2021-02-20 08:52:46.560715,122
1105,00251493183,2022-09-17 20:19:57.588691,106
1106,00251493183,2022-02-17 17:42:34.912682,122
1107,00251493183,2021-05-29 13:56:14.909762,39
1108,00251493183,2020-02-17 16:35:27.092448,76
1109,00251493183,2020-03-14 13:34:08.940938,126
1110,00251493183,2022-03-14 11:54:28.953106,55
1111,00251493183,2022-03-24 21:18:15.867794,35
1112,00251493183,2021-05-22 14:20:55.682714,67
1113,00251493183,2021-02-16 22:05:36.598879,31
1114,00251493183,2022-09-23 15:23:18.524147,65
1115,00251493183,2020-05-16 02:03:26.091498,50
1116,00251493183,2020-06-22 00:28:30.800042,98
1117,00251493183,2020-11-25 21:23:56.077100,75
1118,00251493183,2020-09-08 05:08:14.170675,159
1119,00251493183,2022-12-24 01:07:33.963974,161
1120,00251493183,2022-12-03 18:32:04.053755,163
1121,00251493183,2020-12-23 19:28:01.036535,48
1122,93111452567,2020-06-07 21:20:17.681893,92
1123,93111452567,2022-05-07 13:29:16.691696,145
1124,93111452567,2021-03-15 16:31:09.873898,49
1125,93111452567,2022-04-15 23:44:23.780797,48
1126,93111452567,2020-09-26 07:47:15.636023,51
1127,93111452567,2020-03-20 08:25:39.231870,180
1128,93111452567,2022-11-24 23:11:05.727679,142
1129,93111452567,2020-11-12 03:14:01.321702,115
1130,93111452567,2020-02-15 05:16:33.948941,80
1131,93111452567,2021-11-02 05:44:39.302422,167
1132,93111452567,2022-11-03 13:24:19.082453,39
1133,93111452567,2021-01-08 06:44:37.985305,106
1134,65092541226,2021-09-08 12:50:46.576464,99
1135,65092541226,2021-03-18 20:13:17.091435,89
1136,65092541226,2021-08-19 04:36:19.347963,177
1137,65092541226,2021-01-01 02:56:29.238768,38
1138,77062467597,2022-02-16 19:00:25.086845,139
1139,77062467597,2022-03-02 06:20:41.904450,155
1140,77062467597,2021-01-06 06:46:46.800229,179
1141,77062467597,2020-04-17 04:06:45.936585,174
1142,77062467597,2022-03-15 20:59:52.749049,116
1143,77062467597,2022-05-16 23:37:06.715177,33
1144,77062467597,2020-11-28 22:09:24.677942,63
1145,77062467597,2021-10-10 02:05:26.297199,142
1146,77062467597,2022-04-06 04:34:44.627397,154
1147,77062467597,2022-06-15 18:16:38.523686,114
1148,77062467597,2020-06-07 08:36:00.560930,137
1149,77062467597,2020-11-06 02:59:56.708877,159
1150,77062467597,2021-03-03 21:13:37.832777,162
1151,77062467597,2021-11-11 03:54:50.285607,75
1152,77062467597,2021-05-22 20:32:04.119098,167
1153,77062467597,2020-02-17 12:29:37.259927,37
1154,77062467597,2020-05-14 15:48:46.627030,122
1155,77062467597,2021-10-28 19:25:49.870791,126
1156,77062467597,2022-12-01 15:08:53.039734,123
1157,77062467597,2022-10-30 02:25:23.030597,45
1158,77062467597,2020-08-14 10:27:14.038676,143
1159,77062467597,2020-02-27 07:46:42.076932,155
1160,77062467597,2022-03-17 07:49:53.363877,33
1161,02321790239,2022-04-27 17:08:12.094917,105
1162,02321790239,2020-01-19 09:05:04.430173,71
1163,02321790239,2022-01-13 07:21:33.748820,60
1164,02321790239,2021-05-09 09:06:59.247674,36
1165,02321790239,2021-11-02 08:08:30.090569,172
1166,02321790239,2021-09-01 06:03:38.610754,161
1167,02321790239,2021-07-06 16:57:46.844845,106
1168,02321790239,2022-08-26 19:57:24.600556,47
1169,89020395109,2021-05-24 08:24:57.441935,89
1170,89020395109,2021-04-01 16:17:59.696398,127
1171,89020395109,2020-04-30 08:29:37.527070,129
1172,89020395109,2021-02-19 07:46:14.539759,117
1173,89020395109,2021-05-09 17:19:41.585454,84
1174,89020395109,2020-06-07 06:55:39.207021,63
1175,90122669713,2021-10-14 02:51:50.359997,155
1176,90122669713,2020-05-06 11:36:53.397798,67
1177,90122669713,2020-02-18 08:53:15.644232,178
1178,90122669713,2022-12-05 07:36:42.260762,82
1179,90122669713,2020-04-28 23:56:51.072478,75
1180,90122669713,2021-02-06 09:04:12.169574,97
1181,90122669713,2022-10-21 22:54:08.201116,154
1182,90122669713,2022-01-30 02:02:47.357168,116
1183,90122669713,2022-08-28 09:54:07.781407,34
1184,90122669713,2020-10-08 07:28:26.360327,139
1185,90122669713,2021-01-15 04:09:19.760231,103
1186,90122669713,2022-07-30 00:56:39.879921,155
1187,90122669713,2022-04-17 05:48:55.041632,120
1188,90122669713,2021-08-18 04:06:44.055487,145
1189,90122669713,2021-09-17 12:37:00.963519,66
1190,90122669713,2022-11-04 18:17:44.282972,45
1191,90122669713,2021-05-15 10:02:01.776044,145
1192,90122669713,2022-12-30 10:10:34.083059,50
1193,90122669713,2022-06-07 18:04:22.224469,140
1194,92091704860,2021-06-08 15:14:05.485922,119
1195,92091704860,2022-04-25 21:44:19.844370,74
1196,92091704860,2022-04-16 03:04:47.592251,90
1197,92091704860,2022-01-12 03:55:29.005771,93
1198,92091704860,2022-02-04 02:37:47.320780,147
1199,92091704860,2020-10-24 09:53:50.529886,152
1200,92091704860,2022-06-17 14:12:18.778497,100
1201,92091704860,2020-02-24 08:03:43.631692,41
1202,92091704860,2021-05-17 11:32:01.801440,137
1203,92091704860,2020-01-06 10:15:00.430585,111
1204,92091704860,2020-11-16 17:12:09.646801,124
1205,92091704860,2020-04-02 11:44:16.491939,128
1206,92091704860,2020-07-02 12:12:07.775564,67
1207,92091704860,2022-08-23 01:40:42.725820,59
1208,92091704860,2022-06-12 10:48:04.547799,166
1209,92091704860,2020-10-19 17:53:54.897893,144
1210,92091704860,2022-01-25 09:23:15.749708,63
1211,86112050971,2022-04-02 06:41:32.687434,141
1212,86112050971,2020-07-08 03:19:11.957663,63
1213,86112050971,2021-04-23 14:01:00.262362,119
1214,86112050971,2021-03-17 01:32:12.016159,74
1215,86112050971,2020-11-18 06:53:41.974549,91
1216,86112050971,2020-08-04 23:50:44.760758,172
1217,86112050971,2021-04-18 01:54:40.499110,54
1218,86112050971,2021-10-02 10:26:12.826214,49
1219,86112050971,2022-05-13 06:16:03.180053,99
1220,86112050971,2022-04-01 08:24:14.143202,63
1221,86112050971,2022-02-06 17:24:18.356043,176
1222,86112050971,2021-09-21 10:50:18.570258,128
1223,86112050971,2022-11-13 23:50:49.381438,173
1224,86112050971,2021-01-05 15:13:34.529515,164
1225,86112050971,2020-10-30 20:56:13.399248,103
1226,86112050971,2022-06-19 18:15:06.510015,31
1227,86112050971,2022-07-25 22:48:17.352978,165
1228,86112050971,2020-10-11 18:01:59.332728,82
1229,86112050971,2020-12-27 07:29:35.766505,44
1230,86112050971,2020-03-11 20:55:42.089840,85
1231,88011557883,2021-07-18 19:12:06.058218,33
1232,88011557883,2021-06-08 15:42:29.642192,148
1233,88011557883,2021-06-09 06:19:36.878964,167
1234,88011557883,2021-08-16 21:57:43.425956,34
1235,88011557883,2022-12-05 17:30:54.698589,102
