id,title,grade,student_id,subject_id
1,test,5,07322464589,35
2,kolokwium,8,07211430132,53
3,aktywność,1,05212764513,32
4,wejściówka,2,11220420701,23
5,test,1,06240271602,33
6,aktywność,5,06212919903,22
7,kolokwium,2,10230347930,24
8,quiz,1,08232105456,19
9,kolokwium,9,10301158250,50
10,test,7,09321763065,43
11,kartkówka,6,11221345797,14
12,quiz,4,06233032221,55
13,aktywność,4,10301158250,41
14,egzamin,3,10261221155,54
15,wejściówka,1,07211430132,36
16,egzamin,9,07242726756,36
17,aktywność,6,05312039322,16
18,aktywność,10,07252706645,7
19,kartkówka,2,10212772358,30
20,aktywność,8,10311341903,61
21,wejściówka,2,09302508812,4
22,kartkówka,4,04292748475,60
23,aktywność,1,05280188701,17
24,test,10,07211430132,59
25,egzamin,10,04270961621,57
26,aktywność,4,04280713878,14
27,wejściówka,9,06271407856,48
28,test,9,11221345797,56
29,test,6,10311341903,66
30,aktywność,10,07252706645,19
31,aktywność,9,04322675265,34
32,aktywność,9,03302839545,29
33,wejściówka,4,07270848855,72
34,zadanie domowe,9,05212764513,63
35,zadanie domowe,8,07211222533,62
36,kolokwium,10,04252369814,13
37,wejściówka,9,08212714250,22
38,kartkówka,8,08210685196,45
39,test,7,07252706645,52
40,aktywność,10,06240271602,5
41,quiz,8,04280713878,15
42,kolokwium,9,04252369814,30
43,egzamin,4,05231664984,61
44,quiz,10,10261675534,65
45,aktywność,7,05281030984,43
46,kolokwium,4,09282731189,61
47,aktywność,1,11272402649,10
48,aktywność,7,11232633540,48
49,quiz,8,10321067646,56
50,kolokwium,4,05260206779,63
51,kartkówka,7,08281239544,70
52,egzamin,8,04211687540,66
53,zadanie domowe,1,10311341903,6
54,wejściówka,3,07242726756,44
55,wejściówka,2,03321607949,68
56,quiz,9,11271020547,54
57,zadanie domowe,4,05270879240,18
58,wejściówka,4,04250337693,54
59,quiz,1,05250720766,72
60,aktywność,8,09312663578,54
61,quiz,9,11220420701,40
62,wejściówka,4,04270602944,23
63,kartkówka,4,05221539593,9
64,aktywność,2,09271673384,19
65,test,3,11221345797,4
66,wejściówka,7,09271673384,27
67,quiz,2,09302508812,66
68,zadanie domowe,6,03311733360,40
69,wejściówka,7,10212772358,38
70,egzamin,4,09290526326,7
71,aktywność,8,08210685196,39
72,quiz,5,05221539593,14
73,aktywność,6,11272402649,69
74,egzamin,6,05231664984,21
75,wejściówka,9,10261675534,16
76,aktywność,5,04321354794,7
77,zadanie domowe,9,04271986966,11
78,zadanie domowe,4,07252706645,44
79,aktywność,4,05291217089,34
80,kartkówka,3,04230980776,65
81,zadanie domowe,5,10232130477,39
82,zadanie domowe,7,03321607949,37
83,quiz,7,07242726756,17
84,egzamin,2,05270879240,42
85,test,10,06240271602,7
86,egzamin,5,08300412282,9
87,quiz,7,09222397370,55
88,kartkówka,8,10280322699,63
89,kartkówka,4,04231080871,67
90,aktywność,6,09302508812,34
91,kartkówka,9,09302508812,31
92,quiz,1,04231080871,4
93,aktywność,4,04280713878,66
94,kartkówka,8,04271986966,58
95,egzamin,10,07242726756,27
96,wejściówka,6,10232130477,36
97,kartkówka,8,09262760826,53
98,test,7,10311341903,11
99,kolokwium,4,06310818580,41
100,kartkówka,6,07240280946,34
101,kartkówka,6,05262414871,51
102,egzamin,5,05212764513,52
103,aktywność,9,10281726201,65
104,test,6,10271945667,55
105,test,3,07270848855,40
106,quiz,7,05270879240,35
107,kartkówka,3,04271986966,6
108,test,4,10323109775,1
109,test,6,11292068814,27
110,aktywność,2,04292748475,4
111,kartkówka,3,07261137768,24
112,kolokwium,2,05262217993,58
113,test,5,10280322699,65
114,kolokwium,6,08212714250,70
115,kolokwium,3,09212902911,36
116,zadanie domowe,4,06310818580,29
117,kartkówka,1,05280188701,32
118,wejściówka,3,06300101603,1
119,egzamin,6,06212919903,54
120,test,4,05312039322,69
121,wejściówka,7,05280188701,38
122,quiz,6,07270848855,68
123,wejściówka,6,05262217993,51
124,wejściówka,2,05312039322,59
125,egzamin,5,07211430132,72
126,kartkówka,5,06233032221,71
127,quiz,7,09302508812,38
128,quiz,10,07282992317,54
129,zadanie domowe,5,05262414871,20
130,zadanie domowe,5,11273096863,10
131,egzamin,1,11271020547,1
132,kartkówka,1,11271020547,51
133,zadanie domowe,1,11273096863,53
134,kartkówka,8,09302508812,64
135,aktywność,5,11272402649,9
136,quiz,1,04230980776,72
137,wejściówka,8,09212902911,7
138,zadanie domowe,10,11221345797,30
139,aktywność,7,09262760826,10
140,zadanie domowe,3,06250537172,8
141,quiz,6,07211430132,39
142,wejściówka,3,05270879240,70
143,kolokwium,1,09272865171,19
144,egzamin,1,06271407856,39
145,kartkówka,8,04252369814,63
146,kolokwium,6,03302839545,9
147,aktywność,4,10323109775,5
148,wejściówka,4,05232957373,47
149,zadanie domowe,1,05262217993,56
150,kartkówka,4,09292864691,28
151,aktywność,6,08210685196,34
152,kolokwium,7,05250720766,32
153,test,6,10232130477,40
154,quiz,3,10301158250,65
155,egzamin,2,04322675265,25
156,aktywność,7,11221345797,9
157,test,7,07322464589,12
158,kartkówka,9,07242726756,40
159,aktywność,9,09302508812,43
160,zadanie domowe,9,08212714250,31
161,kolokwium,1,10261221155,57
162,quiz,2,09212902911,45
163,aktywność,4,08272167641,32
164,wejściówka,2,10250867957,31
165,quiz,8,08281239544,44
166,kartkówka,9,03321607949,46
167,wejściówka,9,11222821883,2
168,aktywność,1,06233032221,64
169,zadanie domowe,7,11221345797,47
170,quiz,2,11271020547,37
171,kartkówka,5,08262112657,25
172,wejściówka,1,06310818580,8
173,kartkówka,7,07322464589,55
174,quiz,3,11222821883,67
175,wejściówka,4,07282992317,31
176,zadanie domowe,6,05291217089,48
177,aktywność,9,07211430132,52
178,aktywność,6,09212902911,71
179,test,6,08272167641,9
180,kartkówka,10,10281726201,13
181,egzamin,1,11292068814,41
182,kolokwium,4,05281030984,1
183,kolokwium,6,09302508812,72
184,quiz,6,07211222533,44
185,test,10,04280713878,37
186,quiz,5,06271407856,41
187,kolokwium,4,08210685196,6
188,kartkówka,1,10321067646,45
189,quiz,9,06292962930,55
190,kolokwium,9,10212772358,15
191,kartkówka,1,11222821883,12
192,test,8,06212919903,34
193,test,8,06292962930,50
194,zadanie domowe,2,10311341903,45
195,test,4,04262196022,28
196,quiz,7,03321607949,62
197,quiz,7,04211687540,27
198,egzamin,4,07282992317,13
199,kolokwium,4,05291217089,67
200,kolokwium,10,06323111865,55
201,egzamin,7,09312663578,37
202,aktywność,1,10232130477,65
203,quiz,5,10250867957,62
204,kolokwium,1,03311733360,36
205,test,5,05262217993,42
206,quiz,5,11232633540,36
207,kartkówka,6,07220554018,32
208,aktywność,9,05221539593,62
209,test,1,10261675534,13
210,test,8,10271176968,46
211,kolokwium,7,06250537172,57
212,kolokwium,6,06212919903,45
213,wejściówka,10,04281932869,17
214,wejściówka,2,10281726201,58
215,quiz,7,05250720766,67
216,egzamin,3,07220554018,63
217,egzamin,7,11273096863,10
218,wejściówka,2,09262760826,36
219,kolokwium,10,06300101603,8
220,kolokwium,3,05262217993,11
221,aktywność,5,11221345797,39
222,zadanie domowe,4,08262112657,28
223,kolokwium,8,04292748475,4
224,zadanie domowe,5,04322675265,47
225,zadanie domowe,5,09261712749,10
226,zadanie domowe,3,10301158250,22
227,kolokwium,8,04262196022,12
228,wejściówka,10,10311341903,31
229,kartkówka,6,09292864691,31
230,test,1,09302508812,4
231,wejściówka,10,06323111865,58
232,zadanie domowe,5,09292864691,65
233,test,9,08272167641,10
234,test,9,06233032221,8
235,kartkówka,9,07211430132,34
236,zadanie domowe,1,10212772358,29
237,aktywność,7,07261137768,1
238,aktywność,9,07212069155,39
239,kartkówka,1,05231664984,36
240,zadanie domowe,10,04281932869,27
241,wejściówka,9,04270961621,44
242,wejściówka,6,08300412282,46
243,test,1,03302839545,33
244,zadanie domowe,2,04231080871,22
245,kartkówka,10,10250867957,35
246,aktywność,6,03302839545,2
247,aktywność,8,04280713878,68
248,kartkówka,5,09241571702,7
249,quiz,3,04211687540,37
250,kartkówka,3,05262414871,2
251,zadanie domowe,10,06232736706,24
252,zadanie domowe,9,10301158250,4
253,zadanie domowe,5,11221345797,22
254,kartkówka,7,08281239544,49
255,quiz,10,04262196022,33
256,test,6,05262217993,63
257,aktywność,1,09312663578,4
258,egzamin,4,07240280946,69
259,kartkówka,9,09261712749,65
260,aktywność,7,09212902911,51
261,test,3,11220420701,69
262,zadanie domowe,5,10301158250,19
263,zadanie domowe,1,11220420701,54
264,kolokwium,5,09222397370,40
265,wejściówka,4,07252706645,49
266,kartkówka,2,06250537172,57
267,test,1,04270961621,54
268,kartkówka,5,05291217089,72
269,zadanie domowe,3,04292748475,69
270,kolokwium,7,04252369814,16
271,egzamin,8,10280322699,61
272,zadanie domowe,7,05260206779,62
273,kolokwium,1,09312663578,39
274,wejściówka,3,03311733360,41
275,wejściówka,4,09312663578,18
276,test,8,10261221155,64
277,quiz,7,10271945667,11
278,test,10,05321709898,65
279,zadanie domowe,2,10230347930,41
280,zadanie domowe,4,08281239544,57
281,egzamin,5,04211687540,13
282,zadanie domowe,8,07282992317,41
283,kartkówka,9,06323111865,38
284,wejściówka,2,04321354794,37
285,kolokwium,9,04322675265,72
286,aktywność,9,05291217089,66
287,egzamin,6,09302508812,17
288,wejściówka,6,07270848855,52
289,test,1,10311341903,48
290,kartkówka,3,05231664984,33
291,zadanie domowe,5,07252706645,33
292,zadanie domowe,7,06300101603,35
293,kartkówka,3,04262196022,35
294,kartkówka,9,05250720766,15
295,test,9,07211430132,55
296,kolokwium,4,05262414871,68
297,quiz,5,05262217993,41
298,quiz,9,04292748475,41
299,quiz,1,04231080871,22
300,kolokwium,6,05232957373,6
301,wejściówka,4,10321067646,71
302,kolokwium,4,05262414871,4
303,egzamin,9,06271407856,12
304,test,3,09292864691,21
305,wejściówka,10,07261137768,65
306,quiz,10,07251078930,55
307,zadanie domowe,1,11271020547,54
308,quiz,9,04252369814,66
309,zadanie domowe,5,05281030984,30
310,aktywność,10,11232633540,44
311,wejściówka,7,08232105456,24
312,kartkówka,8,10281726201,62
313,kolokwium,5,09220805651,30
314,kolokwium,10,11222821883,12
315,wejściówka,8,09241571702,9
316,kolokwium,6,11272402649,69
317,test,4,09262760826,64
318,egzamin,9,09262760826,18
319,egzamin,6,10323109775,57
320,egzamin,1,08281239544,3
321,kartkówka,3,10301158250,47
322,wejściówka,9,09261712749,18
323,kolokwium,3,09262760826,50
324,test,2,04292748475,8
325,test,9,04230980776,49
326,kolokwium,7,09292864691,21
327,test,3,06300101603,41
328,aktywność,7,03321607949,24
329,zadanie domowe,1,08212714250,54
330,kartkówka,3,10320280701,53
331,kolokwium,8,04270602944,11
332,test,2,06292962930,55
333,egzamin,5,11292068814,9
334,egzamin,1,05262414871,67
335,aktywność,8,08281239544,16
336,egzamin,5,08210685196,16
337,quiz,10,04271986966,22
338,wejściówka,4,09262760826,38
339,egzamin,1,06292962930,49
340,aktywność,9,08281239544,43
341,wejściówka,8,06271407856,27
342,egzamin,1,07270848855,69
343,zadanie domowe,5,07252706645,58
344,test,10,05270879240,42
345,zadanie domowe,3,09290526326,11
346,kartkówka,7,06212919903,17
347,kolokwium,4,05262414871,50
348,aktywność,3,07242726756,18
349,quiz,3,05281030984,5
350,quiz,4,09272865171,61
351,zadanie domowe,1,04292748475,9
352,kolokwium,2,06323111865,66
353,kartkówka,6,11292068814,59
354,quiz,8,03302839545,31
355,test,7,06310818580,55
356,aktywność,4,09282731189,62
357,kartkówka,2,05312039322,60
358,quiz,9,06271407856,24
359,kartkówka,6,10250867957,53
360,quiz,5,09220805651,5
361,kolokwium,8,05262217993,53
362,aktywność,8,11232633540,61
363,quiz,4,04252369814,44
364,egzamin,3,10261221155,19
365,test,2,11273096863,47
366,zadanie domowe,1,05280276017,19
367,quiz,3,10261675534,16
368,kartkówka,7,04270602944,68
369,kolokwium,5,07220554018,51
370,wejściówka,6,10230347930,7
371,kartkówka,6,07242726756,36
372,quiz,5,10280322699,1
373,quiz,10,04250337693,40
374,quiz,10,11221345797,12
375,test,4,07270848855,19
376,test,2,05221539593,72
377,kartkówka,5,08232105456,19
378,kartkówka,3,10212772358,35
379,kolokwium,9,07212069155,10
380,test,5,07322464589,25
381,aktywność,6,06240271602,5
382,zadanie domowe,6,10271945667,64
383,kolokwium,8,10261221155,38
384,aktywność,9,10281726201,63
385,wejściówka,6,10212772358,7
386,egzamin,4,04280713878,24
387,egzamin,1,11222821883,47
388,egzamin,7,05262217993,10
389,kartkówka,1,08210685196,65
390,wejściówka,9,10323109775,41
391,zadanie domowe,2,07251078930,1
392,zadanie domowe,10,09321763065,26
393,kartkówka,8,10311341903,36
394,test,6,05270879240,24
395,kartkówka,9,04280713878,1
396,wejściówka,4,09241571702,66
397,aktywność,10,08281239544,30
398,quiz,6,04252369814,67
399,aktywność,4,08310238090,64
400,zadanie domowe,7,04280713878,5
401,kolokwium,8,05262414871,28
402,egzamin,3,08300412282,8
403,quiz,6,04230980776,38
404,wejściówka,2,09302508812,4
405,kartkówka,6,11292068814,37
406,quiz,8,10323109775,6
407,aktywność,7,04280713878,22
408,test,10,06271407856,53
409,quiz,7,08281239544,32
410,zadanie domowe,3,10250867957,48
411,test,2,10271176968,39
412,kartkówka,4,11220420701,66
413,egzamin,9,06250537172,71
414,kartkówka,3,08310238090,7
415,zadanie domowe,2,10250867957,58
416,zadanie domowe,7,03302839545,65
417,zadanie domowe,5,11220420701,20
418,kartkówka,8,09302508812,5
419,egzamin,2,04292748475,40
420,kolokwium,9,09271673384,39
421,kolokwium,7,04262196022,2
422,wejściówka,5,08262112657,9
423,wejściówka,1,09222397370,11
424,aktywność,2,07242726756,18
425,egzamin,5,09292864691,37
426,zadanie domowe,6,03302839545,66
427,kartkówka,6,10232130477,47
428,wejściówka,4,10250867957,42
429,egzamin,6,05221539593,72
430,wejściówka,8,11292068814,17
431,egzamin,3,08262112657,34
432,egzamin,3,08281239544,1
433,wejściówka,9,06300101603,7
434,quiz,2,07251078930,38
435,wejściówka,3,05260206779,46
436,wejściówka,1,05270879240,26
437,test,1,06232736706,68
438,kartkówka,7,10261675534,9
439,kartkówka,8,07212069155,63
440,zadanie domowe,4,05250720766,50
441,wejściówka,2,04322675265,53
442,egzamin,7,06250537172,30
443,test,5,04321354794,17
444,kolokwium,8,04292748475,53
445,aktywność,7,07261137768,67
446,wejściówka,3,09312663578,59
447,aktywność,2,03302839545,50
448,egzamin,9,04271986966,2
449,zadanie domowe,6,06212919903,69
450,egzamin,3,04280713878,24
451,zadanie domowe,4,07261137768,36
452,wejściówka,8,08281239544,19
453,zadanie domowe,4,05312039322,14
454,aktywność,7,06300101603,12
455,wejściówka,3,10230347930,14
456,kolokwium,6,09282731189,11
457,quiz,8,10280322699,48
458,aktywność,6,05280188701,53
459,aktywność,10,11221345797,8
460,kartkówka,2,10271945667,64
461,kolokwium,5,05312039322,70
462,egzamin,8,06250537172,9
463,egzamin,7,04231080871,67
464,test,10,04311341018,16
465,aktywność,2,09292864691,69
466,egzamin,9,06250537172,5
467,test,1,10311341903,55
468,wejściówka,8,10232130477,12
469,aktywność,2,06310818580,35
470,zadanie domowe,9,05280276017,21
471,test,3,10280322699,34
472,wejściówka,5,06212919903,37
473,aktywność,1,09321763065,24
474,egzamin,1,11232633540,49
475,wejściówka,3,08310238090,58
476,kolokwium,5,06310818580,7
477,kartkówka,7,08210685196,69
478,aktywność,7,10271176968,40
479,zadanie domowe,2,05262414871,40
480,kartkówka,5,06232736706,35
481,aktywność,1,09261712749,26
482,kartkówka,7,03321607949,47
483,quiz,10,07261137768,14
484,quiz,8,05221539593,34
485,wejściówka,10,11222821883,41
486,quiz,6,09220805651,4
487,quiz,8,10261221155,13
488,test,3,10232130477,56
489,egzamin,9,06250537172,57
490,aktywność,7,09271673384,20
491,quiz,10,04211687540,15
492,kartkówka,5,08281239544,51
493,wejściówka,6,10280322699,22
494,test,6,07251078930,1
495,aktywność,3,10320280701,42
496,kolokwium,10,06310818580,46
497,aktywność,6,10281726201,11
498,kolokwium,1,04231080871,54
499,aktywność,7,05291217089,2
500,test,4,04281932869,70
501,wejściówka,10,08300412282,9
502,egzamin,6,05280188701,15
503,wejściówka,7,09222397370,71
504,egzamin,2,05232957373,44
505,zadanie domowe,7,10323109775,43
506,test,6,06323111865,63
507,kolokwium,8,05212764513,19
508,kolokwium,9,04252369814,14
509,wejściówka,2,06300101603,13
510,zadanie domowe,1,09262760826,47
511,test,2,10311341903,41
512,quiz,2,07240280946,40
513,aktywność,1,05312039322,12
514,quiz,6,11272402649,68
515,egzamin,10,10281726201,9
516,test,8,04252369814,25
517,egzamin,1,04231080871,6
518,zadanie domowe,9,03302839545,38
519,test,3,08262112657,58
520,kartkówka,7,08310238090,24
521,egzamin,6,08212714250,59
522,quiz,5,05212764513,49
523,egzamin,8,10271176968,65
524,kartkówka,9,07220554018,43
525,test,10,05250720766,21
526,quiz,3,09241571702,12
527,kartkówka,8,05250720766,45
528,wejściówka,4,06240271602,38
529,test,2,06250537172,27
530,kartkówka,4,08232105456,16
531,aktywność,4,09220805651,4
532,quiz,5,09220805651,61
533,test,10,11272402649,48
534,quiz,1,09222397370,19
535,test,2,08232105456,55
536,test,2,09262760826,31
537,wejściówka,10,07220554018,32
538,test,10,10320280701,20
539,kartkówka,8,09292864691,22
540,quiz,8,07282992317,31
541,wejściówka,3,10281726201,60
542,test,6,09292864691,10
543,kartkówka,10,06233032221,20
544,test,2,10230347930,34
545,kartkówka,8,05212764513,47
546,zadanie domowe,1,11232633540,38
547,quiz,3,10232130477,17
548,test,5,10271945667,7
549,kolokwium,9,04280713878,50
550,kartkówka,1,05212764513,50
551,wejściówka,9,05321709898,4
552,wejściówka,6,05221539593,65
553,test,6,08272167641,7
554,egzamin,10,04270961621,36
555,test,10,07251078930,19
556,test,1,09212902911,62
557,kartkówka,1,04211687540,72
558,aktywność,1,05212764513,23
559,kartkówka,3,04292748475,11
560,zadanie domowe,1,10261221155,72
561,wejściówka,6,05212764513,22
562,wejściówka,10,06240271602,62
563,zadanie domowe,7,10230347930,21
564,egzamin,10,08300412282,29
565,aktywność,8,10261675534,27
566,zadanie domowe,2,07322464589,16
567,test,9,06240271602,43
568,wejściówka,5,04322675265,21
569,zadanie domowe,9,05312039322,40
570,egzamin,2,11232633540,26
571,zadanie domowe,3,08232105456,39
572,aktywność,10,07251078930,16
573,quiz,7,04292748475,6
574,egzamin,6,07212069155,24
575,test,7,04252369814,70
576,egzamin,9,09261712749,30
577,kolokwium,7,10280322699,57
578,egzamin,3,08262112657,42
579,egzamin,10,08272167641,63
580,wejściówka,7,05312039322,4
581,test,10,10250867957,12
582,egzamin,1,05250720766,40
583,kolokwium,2,07242726756,67
584,egzamin,6,07261137768,55
585,zadanie domowe,7,05232957373,59
586,kolokwium,5,04281932869,23
587,egzamin,5,05232957373,48
588,egzamin,9,05280276017,17
589,kolokwium,4,05291217089,11
590,quiz,10,08310238090,3
591,aktywność,10,04252369814,59
592,kolokwium,3,10230347930,48
593,zadanie domowe,8,06292962930,39
594,kolokwium,8,09272865171,65
595,test,1,04262196022,23
596,egzamin,5,04271986966,6
597,quiz,9,05232957373,64
598,quiz,5,10301158250,43
599,aktywność,8,06232736706,53
600,wejściówka,6,07220554018,18
601,kartkówka,10,08210685196,39
602,quiz,8,04270961621,54
603,egzamin,8,10230347930,2
604,test,4,07212069155,14
605,egzamin,4,05321709898,54
606,test,4,09212902911,6
607,quiz,9,10250867957,52
608,egzamin,1,05291217089,34
609,wejściówka,7,11220420701,71
610,zadanie domowe,8,11221345797,30
611,zadanie domowe,9,06212919903,70
612,wejściówka,5,11272402649,36
613,kolokwium,7,10230347930,24
614,zadanie domowe,2,11272402649,61
615,zadanie domowe,2,05291217089,5
616,wejściówka,5,04322675265,42
617,egzamin,4,10271945667,65
618,test,10,04280713878,46
619,egzamin,3,09272865171,59
620,aktywność,10,05270879240,22
621,egzamin,10,11232633540,22
622,aktywność,10,05221539593,42
623,zadanie domowe,6,05321709898,12
624,wejściówka,5,05280188701,6
625,kartkówka,10,04230980776,49
626,zadanie domowe,3,05270879240,8
627,quiz,4,08262112657,50
628,quiz,3,04231080871,26
629,quiz,1,10311341903,52
630,aktywność,10,05281030984,14
631,egzamin,1,09302508812,12
632,quiz,7,08262112657,33
633,wejściówka,10,04280713878,47
634,zadanie domowe,5,04311341018,21
635,wejściówka,8,09290526326,14
636,test,4,05280276017,27
637,egzamin,8,05212764513,32
638,egzamin,7,04271986966,26
639,wejściówka,9,05262217993,48
640,kartkówka,4,06323111865,10
641,quiz,2,08262112657,15
642,test,1,05262217993,59
643,egzamin,5,11273096863,25
644,kolokwium,4,09220805651,17
645,kolokwium,6,09321763065,11
646,wejściówka,1,10250867957,7
647,zadanie domowe,7,09261712749,50
648,quiz,10,04250337693,48
649,quiz,1,08281239544,71
650,quiz,4,09241571702,49
651,zadanie domowe,10,10301158250,5
652,zadanie domowe,1,05321709898,21
653,wejściówka,3,07270848855,16
654,test,3,08300412282,51
655,wejściówka,8,10232130477,72
656,egzamin,1,08232105456,58
657,quiz,1,05250720766,53
658,quiz,1,06271407856,20
659,aktywność,6,09292864691,61
660,wejściówka,6,10261675534,72
661,egzamin,2,10271176968,65
662,kartkówka,10,08262112657,30
663,egzamin,6,09272865171,29
664,kolokwium,9,11272402649,34
665,test,8,10261221155,39
666,test,6,06232736706,28
667,quiz,3,07252706645,10
668,egzamin,7,05232957373,56
669,test,1,04271986966,57
670,kolokwium,2,08210685196,63
671,zadanie domowe,7,08272167641,16
672,quiz,10,04322675265,38
673,test,4,10250867957,59
674,zadanie domowe,7,07240280946,58
675,kolokwium,9,04321354794,4
676,wejściówka,1,10212772358,5
677,zadanie domowe,7,09302508812,55
678,quiz,10,05291217089,3
679,wejściówka,8,06232736706,66
680,aktywność,5,08232105456,60
681,aktywność,6,04270961621,64
682,egzamin,8,08281239544,49
683,zadanie domowe,8,04280713878,59
684,kolokwium,5,04292748475,10
685,egzamin,5,04321354794,70
686,kartkówka,7,05262217993,15
687,wejściówka,10,09271673384,19
688,kolokwium,6,09282731189,63
689,wejściówka,5,04281932869,48
690,zadanie domowe,6,05270879240,72
691,aktywność,1,09261712749,42
692,kolokwium,10,06250537172,11
693,quiz,7,11220420701,25
694,aktywność,1,10281726201,41
695,egzamin,10,07270848855,44
696,test,1,10230347930,4
697,wejściówka,10,04321354794,43
698,aktywność,9,07242726756,24
699,kolokwium,6,10321067646,21
700,kartkówka,9,10320280701,30
701,egzamin,9,11272402649,51
702,quiz,1,04321354794,43
703,quiz,6,04271986966,8
704,zadanie domowe,9,10261221155,8
705,kartkówka,8,06300101603,48
706,aktywność,4,09220805651,46
707,zadanie domowe,3,05281030984,19
708,wejściówka,3,10311341903,14
709,kartkówka,8,04270961621,54
710,test,10,09282731189,34
711,kolokwium,10,05212764513,9
712,aktywność,9,04321354794,25
713,aktywność,8,08212714250,22
714,aktywność,7,03311733360,9
715,zadanie domowe,4,04311341018,70
716,test,4,11221345797,48
717,test,4,04281932869,23
718,kartkówka,9,03321607949,37
719,quiz,6,11272402649,30
720,wejściówka,7,05232957373,61
721,wejściówka,6,11292068814,12
722,kolokwium,10,04271986966,24
723,wejściówka,10,07261137768,29
724,kartkówka,4,04322675265,38
725,egzamin,2,04292748475,57
726,kolokwium,8,05280276017,47
727,zadanie domowe,8,09220805651,65
728,zadanie domowe,1,07261137768,51
729,kartkówka,6,05262414871,49
730,quiz,4,04230980776,24
731,test,7,07282992317,35
732,zadanie domowe,5,08212714250,38
733,test,7,10301158250,72
734,wejściówka,8,08272167641,18
735,wejściówka,1,10230347930,68
736,zadanie domowe,6,07251078930,1
737,kolokwium,2,05280276017,13
738,quiz,6,06240271602,10
739,quiz,8,04280713878,11
740,wejściówka,5,05291217089,70
741,kolokwium,3,10320280701,9
742,aktywność,7,06212919903,39
743,kolokwium,3,10271176968,20
744,quiz,9,05280188701,5
745,egzamin,5,04231080871,37
746,test,2,09312663578,9
747,wejściówka,9,05260206779,22
748,wejściówka,8,07261137768,54
749,egzamin,7,07220554018,39
750,wejściówka,1,09312663578,5
751,aktywność,7,03302839545,2
752,kartkówka,2,06292962930,67
753,wejściówka,1,05260206779,7
754,wejściówka,4,08310238090,47
755,quiz,10,04280713878,70
756,aktywność,2,06232736706,45
757,wejściówka,5,06212919903,34
758,kolokwium,5,04250337693,44
759,egzamin,1,07240280946,57
760,zadanie domowe,10,11220420701,72
761,wejściówka,8,10281726201,36
762,zadanie domowe,7,10281726201,37
763,egzamin,1,05212764513,10
764,kolokwium,10,11272402649,64
765,zadanie domowe,4,03311733360,28
766,aktywność,9,04231080871,13
767,zadanie domowe,7,05232957373,8
768,zadanie domowe,5,08300412282,47
769,kartkówka,10,05232957373,19
770,test,9,05321709898,47
771,wejściówka,1,05262217993,56
772,egzamin,5,04231080871,29
773,kolokwium,7,07242726756,23
774,egzamin,5,05250720766,19
775,aktywność,5,08232105456,7
776,egzamin,7,07220554018,1
777,kolokwium,9,09241571702,16
778,egzamin,3,10321067646,61
779,kolokwium,4,10301158250,53
780,zadanie domowe,10,06300101603,15
781,quiz,9,10232130477,48
782,egzamin,2,09212902911,64
783,zadanie domowe,7,11273096863,60
784,wejściówka,3,04252369814,39
785,kartkówka,3,08300412282,51
786,wejściówka,8,05231664984,72
787,wejściówka,4,05212764513,71
788,egzamin,7,05212764513,71
789,zadanie domowe,4,04211687540,70
790,kartkówka,7,04211687540,53
791,kartkówka,9,10321067646,7
792,kartkówka,10,10232130477,1
793,kartkówka,10,03302839545,66
794,aktywność,6,04250337693,63
795,wejściówka,2,09272865171,5
796,kartkówka,8,04252369814,28
797,kartkówka,1,11232633540,2
798,aktywność,7,07211222533,26
799,wejściówka,5,04281932869,4
800,zadanie domowe,4,04270961621,55
801,quiz,10,07242726756,69
802,zadanie domowe,10,08310238090,60
803,egzamin,5,05231664984,60
804,egzamin,3,06292962930,60
805,kartkówka,7,07270848855,46
806,aktywność,2,06271407856,6
807,egzamin,1,05221539593,44
808,quiz,7,10232130477,49
809,aktywność,5,07252706645,2
810,quiz,6,07211222533,6
811,quiz,3,10261675534,31
812,quiz,9,05312039322,5
813,kolokwium,9,08212714250,56
814,kolokwium,2,11220420701,69
815,wejściówka,8,10271176968,64
816,aktywność,5,08281239544,50
817,egzamin,9,09241571702,59
818,kolokwium,7,05291217089,72
819,wejściówka,5,10212772358,57
820,quiz,5,08300412282,61
821,aktywność,7,05221539593,44
822,quiz,6,04292748475,24
823,aktywność,9,09312663578,31
824,zadanie domowe,6,06212919903,47
825,aktywność,8,04280713878,27
826,wejściówka,5,10280322699,3
827,quiz,8,05281030984,62
828,kartkówka,10,11271020547,24
829,wejściówka,9,07240280946,13
830,quiz,9,11222821883,21
831,kartkówka,6,08262112657,63
832,kartkówka,9,05231664984,53
833,quiz,3,05262217993,16
834,kolokwium,2,07322464589,67
835,zadanie domowe,1,05291217089,13
836,test,7,03311733360,28
837,egzamin,3,05291217089,57
838,kartkówka,4,10232130477,8
839,aktywność,10,10232130477,61
840,quiz,8,05312039322,43
841,wejściówka,10,09321763065,47
842,aktywność,10,05281030984,23
843,quiz,9,05250720766,47
844,kolokwium,10,04280713878,49
845,aktywność,7,05262217993,71
846,zadanie domowe,8,11220420701,25
847,test,7,09302508812,24
848,kartkówka,6,04262196022,48
849,wejściówka,7,05262217993,53
850,test,7,05281030984,70
851,aktywność,10,08210685196,15
852,wejściówka,2,05232957373,28
853,wejściówka,2,07242726756,35
854,zadanie domowe,8,09222397370,32
855,wejściówka,5,11221345797,3
856,egzamin,7,05231664984,34
857,aktywność,5,07252706645,2
858,test,10,05280276017,16
859,kartkówka,3,08300412282,59
860,kartkówka,4,10280322699,56
861,kartkówka,7,07251078930,71
862,quiz,4,05321709898,40
863,aktywność,6,04281932869,13
864,test,4,09261712749,34
865,kartkówka,9,09222397370,2
866,kolokwium,7,07242726756,67
867,aktywność,2,10311341903,67
868,quiz,7,11272402649,70
869,quiz,5,06233032221,35
870,zadanie domowe,2,08310238090,18
871,kartkówka,10,10301158250,44
872,wejściówka,4,07270848855,18
873,aktywność,6,08210685196,7
874,kolokwium,6,04281932869,8
875,quiz,7,11221345797,12
876,quiz,6,10320280701,59
877,aktywność,4,08281239544,33
878,egzamin,3,05250720766,42
879,aktywność,3,04311341018,50
880,egzamin,5,04292748475,25
881,zadanie domowe,4,04322675265,6
882,wejściówka,2,04270602944,13
883,test,10,09262760826,42
884,aktywność,9,05281030984,41
885,kartkówka,4,04271986966,66
886,kartkówka,9,11220420701,1
887,wejściówka,4,10261675534,2
888,quiz,5,06233032221,7
889,kartkówka,3,08212714250,42
890,wejściówka,4,06271407856,9
891,quiz,3,07261137768,44
892,test,3,03311733360,50
893,kolokwium,4,03321607949,18
894,quiz,9,10280322699,65
895,quiz,7,03311733360,70
896,kartkówka,9,04250337693,47
897,egzamin,8,10320280701,21
898,wejściówka,8,06232736706,7
899,wejściówka,5,05232957373,1
900,quiz,6,10323109775,8
901,test,3,03311733360,2
902,wejściówka,2,05231664984,55
903,wejściówka,9,05280188701,11
904,wejściówka,9,05262414871,67
905,kolokwium,3,07261137768,31
906,wejściówka,6,09261712749,24
907,kartkówka,9,05212764513,5
908,kartkówka,10,05280188701,22
909,aktywność,7,04271986966,57
910,kartkówka,8,06292962930,33
911,kartkówka,5,10323109775,5
912,quiz,2,05281030984,18
913,kolokwium,1,09292864691,13
914,aktywność,6,05270879240,60
915,quiz,9,04252369814,29
916,aktywność,5,04322675265,47
917,quiz,2,09302508812,10
918,aktywność,1,05281030984,65
919,wejściówka,1,08281239544,24
920,zadanie domowe,9,04270602944,35
921,egzamin,2,06232736706,6
922,egzamin,1,04321354794,35
923,aktywność,7,09241571702,56
924,aktywność,5,10212772358,11
925,kolokwium,2,10212772358,41
926,wejściówka,7,06310818580,2
927,kartkówka,6,06240271602,70
928,aktywność,3,05221539593,24
929,egzamin,4,08232105456,53
930,kolokwium,2,08300412282,37
931,test,8,09290526326,23
932,test,10,07270848855,36
933,kolokwium,7,09241571702,8
934,quiz,7,09282731189,22
935,aktywność,5,07270848855,67
936,egzamin,10,11272402649,37
937,quiz,4,09271673384,13
938,kartkówka,10,10321067646,22
939,zadanie domowe,6,11222821883,22
940,kartkówka,6,09282731189,26
941,kartkówka,10,10250867957,3
942,aktywność,7,09292864691,66
943,quiz,1,10261221155,7
944,quiz,9,07270848855,22
945,egzamin,4,09220805651,65
946,test,4,06271407856,14
947,kolokwium,2,10250867957,7
948,zadanie domowe,10,09290526326,70
949,kolokwium,9,10280322699,51
950,quiz,7,05262414871,50
951,test,1,10271176968,8
952,wejściówka,2,05212764513,21
953,kolokwium,8,08210685196,50
954,test,10,06212919903,49
955,egzamin,5,09272865171,28
956,wejściówka,10,03302839545,53
957,aktywność,10,08310238090,25
958,zadanie domowe,7,10261675534,56
959,aktywność,4,10320280701,25
960,egzamin,4,10212772358,33
961,egzamin,5,05270879240,55
962,kolokwium,2,07251078930,19
963,test,5,09212902911,16
964,aktywność,1,08212714250,63
965,kartkówka,3,04321354794,54
966,kolokwium,7,10271176968,10
967,wejściówka,2,09222397370,33
968,kolokwium,8,07322464589,12
969,quiz,2,04231080871,6
970,wejściówka,1,10230347930,59
971,wejściówka,3,08281239544,50
972,quiz,3,09212902911,2
973,aktywność,1,09261712749,18
974,kartkówka,4,04322675265,28
975,kartkówka,6,08262112657,17
976,quiz,7,10271945667,66
977,egzamin,3,11272402649,22
978,aktywność,2,11222821883,18
979,zadanie domowe,5,09312663578,42
980,wejściówka,5,04231080871,38
981,wejściówka,5,04271986966,67
982,zadanie domowe,10,06250537172,32
983,kartkówka,3,06233032221,53
984,kartkówka,7,05212764513,47
985,aktywność,2,06310818580,14
986,quiz,7,06323111865,16
987,zadanie domowe,5,05262217993,24
988,quiz,8,08210685196,49
989,kolokwium,5,09271673384,17
990,aktywność,9,10321067646,28
991,egzamin,4,11222821883,63
992,kolokwium,9,09220805651,58
993,kartkówka,3,11273096863,61
994,kolokwium,8,05221539593,37
995,quiz,10,05312039322,72
996,quiz,6,09312663578,42
997,egzamin,7,11292068814,32
998,kolokwium,6,04281932869,17
999,aktywność,4,10321067646,40
1000,zadanie domowe,8,05312039322,61
